Applicant_ID,Income,Age,Credit_Score,Loan_Amount,Loan_Approved,House_Price_Index,Employment_Status,Marital_Status,Dependents,Loan_Term,Loan_Purpose
A0000,57450.71,49.0,666.0,,1,274.37,Employed,Widowed,1,360.0,Education
A0001,47926.04,44.0,693.0,,0,303.6,Employed,Widowed,unknown,240.0,Other
A0002,59715.33,36.0,660.0,129319.72,1,206.04,Self-employed,Married,0,300.0,Business
A0003,72845.45,29.0,685.0,244384.38,1,267.43,Self-employed,Married,3+,300.0,Other
A0004,46487.7,42.0,605.0,177827.66,1,,Employed,Single,2,180.0,Education
A0005,418391.55,39.0,711.0,83225.92,0,292.34,Employed,Divorced,1,300.0,Home
A0006,73688.19,,700.0,174301.81,1,244.24,Unemployed,Married,unknown,360.0,Business
A0007,61511.52,41.0,,72634.8,1,230.75,Employed,Single,3+,,Home
A0008,42957.88,45.0,733.0,204134.55,0,,Employed,Married,unknown,180.0,Business
A0009,58138.4,30.0,747.0,126443.77,0,293.81,Unemployed,Widowed,unknown,300.0,Education
A0010,,,,,1,,Employed,Single,2,360.0,Business
A0011,,37.0,662.0,216289.83,0,246.95,Self-employed,Single,3+,240.0,Home
A0012,53629.43,56.0,662.0,,1,197.08,Self-employed,Married,1,300.0,Business
A0013,,,653.0,80144.09,0,125.1,Unemployed,Divorced,2,,Education
A0014,24126.23,,741.0,120820.03,0,260.02,Employed,Widowed,1,,Business
A0015,41565.69,37.0,690.0,201918.94,1,280.45,Self-employed,Divorced,0,300.0,Home
A0016,34807.53,28.0,687.0,74032.7,1,263.1,Self-employed,Single,unknown,300.0,Education
A0017,54713.71,30.0,600.0,8392.22,1,152.52,Self-employed,Divorced,0,,Home
A0018,36379.64,,,127442.06,0,232.46,Self-employed,Single,unknown,300.0,Business
A0019,28815.44,,,,1,,Employed,Divorced,2,,Other
A0020,71984.73,40.0,703.0,210013.09,1,318.49,Employed,Married,1,360.0,Home
A0021,,29.0,714.0,126841.93,1,,Employed,Divorced,1,180.0,Business
A0022,51012.92,35.0,768.0,129428.67,1,312.77,Employed,Single,2,240.0,Other
A0023,28628.78,,635.0,207695.04,1,297.29,Self-employed,Widowed,3+,360.0,Other
A0024,41834.26,,549.0,56512.92,0,204.97,Unemployed,Widowed,0,360.0,Education
A0025,413310.72,39.0,709.0,130573.96,1,,Unemployed,Widowed,0,120.0,Other
A0026,32735.1,,,159521.19,1,267.52,Self-employed,Single,1,360.0,Home
A0027,55635.47,36.0,762.0,172460.94,0,,Self-employed,Divorced,1,240.0,Home
A0028,40990.42,,710.0,124509.67,1,,Unemployed,Widowed,1,300.0,Other
A0029,45624.59,25.0,675.0,151722.05,1,225.86,Unemployed,Widowed,2,240.0,Business
A0030,40974.4,32.0,740.0,25583.63,1,160.94,Self-employed,Widowed,3+,180.0,Home
A0031,77784.17,18.0,651.0,117087.58,1,,Self-employed,Married,0,360.0,Home
A0032,49797.54,39.0,724.0,,1,261.33,Employed,Single,unknown,360.0,Education
A0033,34134.34,41.0,725.0,100885.3,0,221.92,Employed,Single,2,,Business
A0034,,30.0,753.0,152949.21,0,222.35,Unemployed,Single,0,360.0,Other
A0035,,51.0,838.0,172343.63,0,284.79,Self-employed,Single,3+,120.0,Business
A0036,53132.95,23.0,720.0,,1,,Unemployed,Single,2,120.0,Education
A0037,20604.95,20.0,675.0,,0,236.37,Employed,Married,0,300.0,Education
A0038,,37.0,,101863.37,1,232.97,Employed,Divorced,2,360.0,Business
A0039,,,612.0,139669.44,1,275.01,Unemployed,Married,0,180.0,Education
A0040,61077.0,52.0,,180510.81,1,182.15,Employed,Widowed,0,,Education
A0041,,30.0,680.0,157848.65,0,261.16,Self-employed,Married,3+,360.0,Education
A0042,48265.28,46.0,674.0,120673.44,0,,Unemployed,Single,unknown,,Business
A0043,45483.44,35.0,708.0,644843.28,0,284.01,Self-employed,Married,3+,180.0,Education
A0044,,33.0,659.0,185730.49,1,153.16,Self-employed,Single,0,300.0,Other
A0045,39202.34,44.0,756.0,,0,211.93,Employed,Married,2,,Other
A0046,43090.42,42.0,700.0,,1,,Self-employed,Single,3+,360.0,Home
A0047,65856.83,19.0,700.0,133187.26,0,254.99,Unemployed,Widowed,unknown,240.0,Other
A0048,55154.27,50.0,684.0,171274.5,0,,Self-employed,Single,0,180.0,Home
A0049,23554.4,49.0,708.0,209862.35,1,324.84,Self-employed,Married,3+,180.0,Business
A0050,54861.26,29.0,741.0,81416.32,1,225.25,Self-employed,Widowed,3+,120.0,Education
A0051,44223.77,39.0,657.0,114527.95,0,225.12,Self-employed,Married,3+,360.0,Other
A0052,39846.17,40.0,667.0,135572.57,0,,Self-employed,Widowed,3+,180.0,Home
A0053,,38.0,685.0,110812.32,0,,Employed,Divorced,2,360.0,Business
A0054,65464.99,29.0,633.0,236746.83,1,313.38,Unemployed,Divorced,unknown,120.0,Home
A0055,63969.2,,659.0,,1,264.44,Employed,Divorced,unknown,360.0,Education
A0056,,35.0,,488890.64,0,192.14,Unemployed,Married,0,120.0,Other
A0057,,47.0,744.0,160219.45,0,183.34,Unemployed,Married,1,120.0,Business
A0058,54968.95,40.0,,89892.52,1,172.42,Unemployed,Widowed,2,300.0,Home
A0059,64633.18,31.0,,130215.96,0,283.1,Unemployed,Widowed,0,360.0,Business
A0060,,43.0,743.0,165872.66,1,,Unemployed,Widowed,0,240.0,Home
A0061,47215.12,7.0,693.0,133356.98,1,342.47,Self-employed,Widowed,3+,300.0,Home
A0062,33404.98,46.0,720.0,145330.66,1,292.16,Employed,Single,1,120.0,Education
A0063,160284.5,18.0,695.0,123533.39,1,,Employed,Divorced,1,240.0,Education
A0064,62187.89,31.0,713.0,74276.48,1,221.0,Self-employed,Single,2,180.0,Home
A0065,70343.6,24.0,671.0,,1,192.18,Unemployed,Single,1,180.0,Other
A0066,,22.0,578.0,,0,292.5,Employed,Single,0,300.0,Business
A0067,65052.99,47.0,693.0,150920.08,1,270.88,Self-employed,Single,1,240.0,Business
A0068,55424.54,30.0,771.0,161263.21,1,,Self-employed,Divorced,1,360.0,Education
A0069,,,746.0,184636.14,0,269.37,Employed,Single,unknown,240.0,Other
A0070,55420.93,35.0,748.0,86533.48,1,266.16,Employed,Widowed,0,300.0,Home
A0071,,,762.0,235125.73,0,314.19,Unemployed,Married,1,,Education
A0072,49462.61,,704.0,160116.44,1,314.75,Unemployed,Widowed,1,360.0,Home
A0073,73469.65,,710.0,231592.84,0,,Employed,Married,3+,,Home
A0074,,45.0,669.0,113348.35,0,292.29,Unemployed,Widowed,1,240.0,Education
A0075,,30.0,684.0,240903.1,1,,Self-employed,Widowed,1,360.0,Other
A0076,51305.71,19.0,731.0,188757.77,1,226.94,Unemployed,Married,unknown,300.0,Business
A0077,45514.89,31.0,,177652.0,1,,Unemployed,Divorced,0,180.0,Education
A0078,51376.41,50.0,693.0,161701.22,1,180.28,Self-employed,Single,2,360.0,Other
A0079,20186.47,44.0,677.0,137573.57,0,302.69,Unemployed,Widowed,0,240.0,Home
A0080,46704.92,32.0,,210026.58,0,190.27,Self-employed,Divorced,3+,180.0,Education
A0081,55356.69,32.0,730.0,157017.99,0,264.29,Unemployed,Single,0,240.0,Business
A0082,72168.41,32.0,628.0,51646.51,1,207.74,Employed,Divorced,1,240.0,Business
A0083,42225.95,56.0,,,0,277.67,Unemployed,Divorced,3+,240.0,Home
A0084,37872.6,,672.0,140707.71,1,248.3,Employed,Single,0,180.0,Education
A0085,42473.64,39.0,639.0,165499.95,1,,Employed,Widowed,3+,360.0,Business
A0086,63731.03,45.0,675.0,147170.58,0,271.03,Employed,Divorced,2,120.0,Education
A0087,,37.0,693.0,210948.54,1,221.1,Employed,Widowed,0,360.0,Business
A0088,294375.2,32.0,677.0,52444.91,0,294.06,Employed,Widowed,1,180.0,Home
A0089,57699.01,,773.0,,1,,Self-employed,Widowed,3+,120.0,Home
A0090,,34.0,716.0,,0,269.77,Self-employed,Single,unknown,120.0,Education
A0091,64529.67,35.0,715.0,,1,202.12,Self-employed,Married,3+,120.0,Other
A0092,39469.2,42.0,731.0,145277.06,0,220.53,Employed,Widowed,unknown,300.0,Other
A0093,45085.07,,,170980.5,0,,Unemployed,Married,1,180.0,Home
A0094,44118.38,42.0,752.0,427223.4,1,,Self-employed,Married,2,300.0,Business
A0095,28047.28,34.0,696.0,213973.25,1,333.87,Unemployed,Divorced,unknown,120.0,Other
A0096,54441.8,36.0,,202086.23,0,209.74,Unemployed,Widowed,2,300.0,Home
A0097,53915.83,15.0,646.0,179177.22,1,303.84,Employed,Widowed,3+,300.0,Business
A0098,50076.7,44.0,,143524.14,1,141.52,Employed,Widowed,1,180.0,Business
A0099,,38.0,741.0,,1,190.29,Employed,Married,unknown,240.0,Other
A0100,28769.44,45.0,,114655.37,0,,Self-employed,Single,3+,300.0,Home
A0101,43690.32,6.0,655.0,192777.78,0,182.37,Employed,Married,0,300.0,Business
A0102,44859.28,56.0,657.0,,1,170.82,Self-employed,Widowed,3+,120.0,Business
A0103,37965.84,34.0,756.0,203530.53,1,270.65,Self-employed,Widowed,2,120.0,Education
A0104,47580.71,,641.0,113519.88,0,239.3,Self-employed,Widowed,1,120.0,Education
A0105,,25.0,782.0,168070.87,1,,Self-employed,Married,1,360.0,Other
A0106,78292.79,41.0,655.0,85342.92,0,284.52,Employed,Widowed,3+,300.0,Education
A0107,52618.67,24.0,732.0,,1,263.28,Self-employed,Divorced,0,120.0,Home
A0108,53863.26,29.0,684.0,172530.17,1,282.89,Employed,Widowed,2,180.0,Other
A0109,48883.31,54.0,730.0,56509.18,1,246.52,Employed,Single,3+,360.0,Other
A0110,21218.43,33.0,673.0,91910.81,0,190.65,Self-employed,Divorced,3+,240.0,Education
A0111,49602.29,37.0,692.0,135843.06,0,302.89,Employed,Widowed,1,300.0,Business
A0112,,44.0,702.0,,0,,Unemployed,Divorced,2,300.0,Home
A0113,86948.63,40.0,650.0,89526.15,0,203.22,Employed,Widowed,0,,Home
A0114,47114.59,37.0,737.0,169448.94,1,241.1,Employed,Single,1,240.0,Home
A0115,,39.0,674.0,162573.68,1,204.36,Self-employed,Widowed,3+,240.0,Other
A0116,,59.0,689.0,140286.54,0,229.13,Self-employed,Divorced,1,360.0,Home
A0117,32469.83,34.0,650.0,112210.42,1,267.2,Employed,Single,1,300.0,Business
A0118,,37.0,572.0,202435.36,1,267.42,Self-employed,Married,unknown,120.0,Business
A0119,61279.0,46.0,690.0,232770.36,0,205.11,Unemployed,Single,1,180.0,Education
A0120,,46.0,821.0,125821.93,1,,Unemployed,Single,1,180.0,Home
A0121,36359.19,47.0,,119391.65,1,303.72,Self-employed,Single,2,180.0,Other
A0122,71041.91,,699.0,,0,274.82,Employed,Divorced,1,180.0,Education
A0123,28972.23,24.0,,132098.53,1,353.75,Unemployed,Single,0,120.0,Business
A0124,58802.86,51.0,701.0,143030.14,1,,Unemployed,Widowed,3+,120.0,Home
A0125,82856.83,,727.0,186982.66,1,,Employed,Single,2,360.0,Business
A0126,35141.96,,,54532.2,0,180.61,Self-employed,Single,1,,Education
A0127,41505.53,27.0,756.0,215915.12,0,288.19,Unemployed,Widowed,0,,Business
A0128,,34.0,736.0,,1,247.34,Employed,Widowed,3+,360.0,Home
A0129,,38.0,736.0,258850.68,1,222.45,Employed,Married,2,240.0,Home
A0130,26740.05,38.0,722.0,145538.29,1,258.4,Unemployed,Single,0,300.0,Education
A0131,51028.44,39.0,701.0,148121.47,0,,Self-employed,Divorced,1,120.0,Home
A0132,34065.44,51.0,734.0,63439.93,0,275.04,Unemployed,Single,unknown,240.0,Business
A0133,57103.89,,730.0,,0,206.08,Employed,Single,unknown,,Business
A0134,325877.76,33.0,682.0,152066.28,1,287.12,Unemployed,Widowed,2,120.0,Other
A0135,73249.02,45.0,671.0,172150.11,1,218.12,Self-employed,Married,0,120.0,Other
A0136,38251.2,47.0,,197577.49,1,260.83,Employed,Single,3+,240.0,Other
A0137,45169.08,23.0,777.0,98941.88,1,234.83,Self-employed,Divorced,0,120.0,Business
A0138,62202.76,,638.0,173673.59,1,,Unemployed,Single,unknown,180.0,Business
A0139,31537.04,42.0,627.0,,0,288.31,Unemployed,Divorced,2,120.0,Education
A0140,53411.9,32.0,,,1,197.99,Self-employed,Widowed,1,300.0,Other
A0141,69607.14,49.0,703.0,,1,347.26,Unemployed,Married,0,240.0,Business
A0142,25887.75,33.0,709.0,145045.28,1,158.95,Self-employed,Single,unknown,300.0,Education
A0143,52769.51,36.0,712.0,119858.97,0,220.12,Unemployed,Married,3+,360.0,Business
A0144,53898.24,33.0,689.0,171613.15,1,,Self-employed,Single,2,300.0,Education
A0145,61727.34,35.0,,173502.21,0,279.22,Self-employed,Divorced,1,180.0,Other
A0146,31445.74,24.0,620.0,,0,244.98,Employed,Married,0,180.0,Other
A0147,,21.0,659.0,114391.31,0,247.13,Employed,Single,3+,300.0,Other
A0148,57829.12,51.0,695.0,144466.73,0,270.53,Self-employed,Widowed,1,360.0,Business
A0149,54454.77,,618.0,315503.67,0,238.45,Unemployed,Divorced,unknown,120.0,Business
A0150,,25.0,691.0,192099.18,1,,Unemployed,Married,unknown,180.0,Education
A0151,55196.72,13.0,,131539.64,1,291.97,Unemployed,Single,3+,300.0,Home
A0152,39799.63,29.0,701.0,4650.59,0,293.64,Self-employed,Married,unknown,300.0,Home
A0153,427870.48,,712.0,131258.9,0,201.69,Self-employed,Single,2,300.0,Other
A0154,54396.09,51.0,637.0,98072.81,0,246.03,Self-employed,Divorced,3+,120.0,Home
A0155,39284.73,45.0,669.0,68436.21,1,234.98,Self-employed,Widowed,unknown,240.0,Other
A0156,77986.62,,681.0,,1,,Employed,Divorced,0,360.0,Education
A0157,,58.0,684.0,155470.42,0,268.01,Self-employed,Married,unknown,240.0,Home
A0158,,,764.0,216432.04,1,,Unemployed,Married,2,360.0,Home
A0159,,32.0,728.0,165659.22,1,282.77,Employed,Single,1,360.0,Other
A0160,35379.77,10.0,,,0,196.49,Unemployed,Divorced,1,300.0,Education
A0161,61806.27,58.0,712.0,172795.21,0,335.95,Self-employed,Single,unknown,180.0,Home
A0162,67378.93,21.0,,127045.48,1,205.18,Employed,Divorced,1,300.0,Home
A0163,301518.16,19.0,,,1,260.97,Self-employed,Married,unknown,120.0,Home
A0164,64450.64,45.0,779.0,92281.87,1,,Employed,Single,2,360.0,Education
A0165,56191.71,59.0,649.0,62408.56,0,221.47,Unemployed,Single,1,180.0,Education
A0166,62330.9,,659.0,130503.81,0,,Self-employed,Divorced,0,360.0,Home
A0167,78451.89,41.0,637.0,,0,188.54,Self-employed,Widowed,unknown,360.0,Other
A0168,,41.0,,145168.82,1,322.61,Employed,Divorced,1,300.0,Other
A0169,38693.96,44.0,,129201.65,1,250.71,Employed,Widowed,2,180.0,Home
A0170,36657.28,,,102712.7,0,220.18,Self-employed,Divorced,2,180.0,Education
A0171,37762.85,38.0,696.0,721649.24,1,235.04,Employed,Married,0,360.0,Home
A0172,,36.0,684.0,84143.4,0,290.45,Self-employed,Single,2,180.0,Education
A0173,55117.28,34.0,708.0,188801.4,1,220.78,Employed,Divorced,2,180.0,Home
A0174,54150.36,27.0,658.0,99889.15,0,212.53,Unemployed,Married,1,300.0,Education
A0175,62407.75,32.0,804.0,,1,238.92,Employed,Divorced,unknown,240.0,Business
A0176,50195.03,,620.0,76660.74,1,191.15,Unemployed,Single,3+,120.0,Other
A0177,71803.01,34.0,,124929.89,0,341.03,Employed,Divorced,2,240.0,Business
A0178,46030.15,25.0,801.0,198765.62,0,221.68,Employed,Widowed,2,180.0,Other
A0179,90802.54,24.0,700.0,175781.4,0,,Self-employed,Single,3+,360.0,Education
A0180,59385.01,,690.0,198921.11,0,260.47,Employed,Widowed,2,120.0,Business
A0181,37142.64,,682.0,176107.13,0,200.77,Employed,Married,1,120.0,Other
A0182,33936.61,44.0,691.0,94816.51,1,,Unemployed,Married,1,,Home
A0183,57237.09,19.0,769.0,133460.54,0,289.2,Employed,Divorced,3+,120.0,Education
A0184,233240.3,25.0,589.0,110990.04,0,240.59,Self-employed,Widowed,2,,Education
A0185,60710.01,44.0,777.0,216528.75,0,309.66,Unemployed,Widowed,2,120.0,Home
A0186,57098.56,25.0,629.0,90160.57,0,,Self-employed,Single,unknown,240.0,Home
A0187,48907.57,33.0,687.0,,0,,Self-employed,Widowed,2,120.0,Other
A0188,37298.09,41.0,,194647.69,1,227.02,Self-employed,Widowed,1,,Education
A0189,27277.29,25.0,,,0,196.01,Self-employed,Single,0,360.0,Other
A0190,43302.28,36.0,620.0,129515.67,0,219.32,Unemployed,Single,0,120.0,Home
A0191,,22.0,723.0,185616.11,0,259.81,Employed,Widowed,0,360.0,Education
A0192,53211.41,29.0,801.0,792247.77,1,277.29,Self-employed,Divorced,0,300.0,Home
A0193,31313.92,38.0,632.0,,1,141.42,Unemployed,Single,2,120.0,Other
A0194,52597.71,19.0,709.0,73247.99,0,249.59,Self-employed,Single,2,120.0,Other
A0195,55779.76,,667.0,55999.5,0,,Employed,Widowed,unknown,300.0,Other
A0196,330679.26,,721.0,185635.6,1,236.12,Unemployed,Widowed,2,300.0,Education
A0197,,41.0,701.0,55842.49,1,314.56,Unemployed,Single,0,300.0,Home
A0198,50873.13,37.0,,131384.05,1,271.09,Employed,Widowed,3+,360.0,Home
A0199,32855.45,49.0,,171865.66,0,315.51,Unemployed,Single,3+,300.0,Other
A0200,55366.81,36.0,790.0,159258.78,0,239.2,Employed,Divorced,1,360.0,Other
A0201,467294.16,31.0,,171272.24,1,296.87,Unemployed,Divorced,1,240.0,Other
A0202,,36.0,736.0,161114.49,0,331.75,Unemployed,Single,2,,Other
A0203,65807.03,40.0,635.0,213943.29,1,315.58,Employed,Single,3+,120.0,Business
A0204,29334.96,35.0,652.0,102384.18,1,195.39,Employed,Married,0,180.0,Business
A0205,35932.62,,724.0,116150.24,1,237.32,Unemployed,Married,0,240.0,Business
A0206,57725.53,28.0,774.0,111367.03,0,232.74,Unemployed,Widowed,0,300.0,Other
A0207,,28.0,718.0,,1,,Employed,Widowed,2,,Other
A0208,,21.0,684.0,195019.93,1,,Employed,Single,2,240.0,Home
A0209,107790.97,,700.0,,0,208.06,Unemployed,Single,unknown,300.0,Education
A0210,58563.36,23.0,637.0,,1,253.39,Unemployed,Married,0,180.0,Home
A0211,67033.48,28.0,730.0,91097.96,0,149.0,Unemployed,Married,0,360.0,Business
A0212,64310.03,28.0,744.0,933444.84,1,322.1,Employed,Single,2,120.0,Home
A0213,59770.87,44.0,677.0,,0,,Unemployed,Divorced,2,240.0,Other
A0214,45270.96,32.0,676.0,560343.3,1,252.79,Self-employed,Divorced,unknown,120.0,Business
A0215,552460.86,,713.0,239089.95,1,234.52,Employed,Widowed,unknown,360.0,Business
A0216,38407.62,28.0,678.0,67168.84,1,307.3,Unemployed,Single,1,240.0,Education
A0217,46447.72,38.0,697.0,123777.59,1,108.12,Employed,Single,3+,360.0,Education
A0218,42719.55,27.0,,113234.83,1,249.17,Self-employed,Widowed,0,300.0,Business
A0219,51228.11,56.0,,186073.97,0,244.71,Employed,Married,0,300.0,Business
A0220,423599.4,,682.0,97492.96,0,227.32,Unemployed,Married,unknown,300.0,Home
A0221,21991.02,38.0,668.0,,1,,Self-employed,Divorced,unknown,360.0,Business
A0222,60293.9,41.0,737.0,218526.81,1,,Self-employed,Single,1,360.0,Other
A0223,154855.56,39.0,691.0,184760.15,1,288.59,Unemployed,Married,3+,360.0,Home
A0224,42921.02,33.0,,,0,267.81,Unemployed,Divorced,1,120.0,Other
A0225,66334.26,,,100606.33,0,313.08,Unemployed,Divorced,3+,360.0,Other
A0226,50964.2,35.0,771.0,107657.45,1,216.64,Employed,Divorced,0,300.0,Other
A0227,33833.83,34.0,670.0,212480.95,0,213.35,Employed,Married,1,180.0,Business
A0228,39270.44,45.0,,188967.45,1,,Employed,Married,unknown,360.0,Education
A0229,60193.97,57.0,750.0,148049.02,1,271.27,Unemployed,Single,1,180.0,Education
A0230,39044.5,29.0,666.0,387313.56,1,172.75,Unemployed,Single,1,,Other
A0231,53246.88,21.0,,48709.61,0,223.03,Employed,Divorced,0,360.0,Business
A0232,,34.0,601.0,96457.38,1,269.32,Self-employed,Divorced,unknown,120.0,Home
A0233,40225.99,,745.0,245570.95,1,291.89,Employed,Married,unknown,120.0,Other
A0234,82159.16,27.0,639.0,85977.22,1,216.04,Self-employed,Married,2,180.0,Home
A0235,59508.79,,737.0,159473.99,0,104.29,Unemployed,Single,2,,Home
A0236,19622.86,,701.0,200372.2,0,276.16,Unemployed,Single,2,120.0,Business
A0237,52796.81,29.0,652.0,87253.87,0,,Employed,Widowed,0,120.0,Business
A0238,40073.2,41.0,680.0,,1,149.13,Employed,Single,1,300.0,Education
A0239,,51.0,734.0,196895.78,0,108.38,Unemployed,Married,unknown,120.0,Education
A0240,38112.19,31.0,705.0,150624.97,1,290.7,Employed,Divorced,unknown,240.0,Business
A0241,48278.95,33.0,,293420.15,0,256.43,Unemployed,Widowed,1,360.0,Other
A0242,57574.81,29.0,799.0,66570.04,1,238.72,Unemployed,Single,unknown,120.0,Education
A0243,62986.33,25.0,,,0,319.45,Self-employed,Single,1,120.0,Home
A0244,31995.55,29.0,781.0,141359.91,1,281.87,Employed,Married,0,120.0,Other
A0245,44982.48,23.0,705.0,188596.01,0,330.82,Unemployed,Widowed,0,240.0,Home
A0246,42875.82,35.0,655.0,172065.36,0,,Employed,Single,0,120.0,Business
A0247,40200.06,27.0,,,0,248.27,Self-employed,Divorced,1,120.0,Home
A0248,688336.29,37.0,691.0,161449.82,1,169.16,Self-employed,Married,1,360.0,Other
A0249,56074.73,19.0,,57104.93,0,238.53,Employed,Widowed,3+,240.0,Business
A0250,31086.74,38.0,,180162.38,0,237.57,Employed,Single,unknown,240.0,Other
A0251,63767.93,43.0,776.0,164907.92,0,,Unemployed,Single,unknown,120.0,Home
A0252,81832.34,15.0,627.0,,0,252.28,Self-employed,Widowed,3+,240.0,Other
A0253,65486.98,39.0,,,1,281.17,Self-employed,Married,3+,180.0,Business
A0254,27209.45,47.0,637.0,505142.97,0,285.17,Self-employed,Widowed,0,240.0,Home
A0255,42736.49,,718.0,157404.47,1,357.75,Employed,Widowed,3+,240.0,Home
A0256,69003.67,,744.0,105946.58,1,234.24,Unemployed,Married,1,240.0,Education
A0257,39384.96,39.0,,,1,202.95,Employed,Single,2,,Education
A0258,56657.29,28.0,570.0,209336.73,1,,Employed,Divorced,1,300.0,Other
A0259,61619.51,34.0,,221816.77,0,,Employed,Married,3+,300.0,Education
A0260,36096.04,41.0,,,1,324.1,Unemployed,Divorced,unknown,240.0,Education
A0261,343749.84,36.0,720.0,,1,,Employed,Single,1,180.0,Education
A0262,1380.99,40.0,762.0,104769.28,1,,Self-employed,Widowed,unknown,240.0,Education
A0263,34634.19,26.0,646.0,,1,226.43,Self-employed,Divorced,1,120.0,Business
A0264,46211.48,37.0,734.0,183270.84,0,285.92,Self-employed,Single,unknown,180.0,Business
A0265,31283.25,21.0,760.0,247060.87,0,242.11,Unemployed,Single,1,300.0,Education
A0266,223458.51,34.0,611.0,106083.85,1,,Employed,Widowed,unknown,360.0,Other
A0267,28547.88,26.0,716.0,131099.61,1,,Unemployed,Widowed,2,,Business
A0268,43399.33,28.0,675.0,,1,207.19,Employed,Single,0,300.0,Education
A0269,51961.11,,696.0,182324.48,0,,Self-employed,Single,1,180.0,Business
A0270,71619.1,46.0,717.0,139216.62,0,282.62,Employed,Divorced,2,,Home
A0271,28462.07,41.0,676.0,106351.95,0,168.43,Employed,Single,0,240.0,Business
A0272,67447.46,24.0,,194070.38,0,274.01,Employed,Single,1,,Business
A0273,50153.5,32.0,,372113.54,0,197.24,Unemployed,Divorced,2,360.0,Other
A0274,35277.37,47.0,646.0,104186.29,1,291.14,Employed,Married,2,300.0,Business
A0275,56931.55,36.0,646.0,435544.28,0,201.87,Employed,Divorced,2,180.0,Other
A0276,52985.9,58.0,734.0,208509.94,0,284.64,Employed,Divorced,3+,360.0,Home
A0277,40996.75,39.0,,156714.82,1,305.29,Unemployed,Widowed,unknown,180.0,Education
A0278,51047.03,,733.0,,0,293.07,Unemployed,Divorced,0,120.0,Other
A0279,44220.3,,723.0,177702.89,0,262.57,Unemployed,Single,unknown,360.0,Business
A0280,51702.76,36.0,614.0,106914.85,0,238.43,Employed,Single,unknown,300.0,Business
A0281,59931.96,33.0,666.0,151501.57,1,221.18,Self-employed,Single,unknown,180.0,Other
A0282,,42.0,760.0,42380.82,0,323.55,Self-employed,Married,2,,Home
A0283,,45.0,651.0,193822.78,1,,Self-employed,Single,unknown,360.0,Education
A0284,81995.5,27.0,677.0,71925.34,1,,Employed,Married,3+,180.0,Business
A0285,20718.68,22.0,723.0,675512.97,0,,Self-employed,Single,1,,Home
A0286,47723.22,17.0,739.0,,0,210.19,Self-employed,Divorced,2,300.0,Education
A0287,,40.0,687.0,139416.65,0,202.5,Self-employed,Widowed,0,120.0,Education
A0288,54214.88,24.0,670.0,118613.3,0,177.82,Employed,Single,1,240.0,Business
A0289,40659.51,,771.0,135598.06,1,225.85,Self-employed,Married,1,180.0,Other
A0290,46878.17,39.0,787.0,,0,245.86,Self-employed,Married,1,360.0,Business
A0291,,60.0,749.0,25609.57,1,262.15,Employed,Widowed,unknown,300.0,Business
A0292,205797.65,,704.0,213848.27,1,297.57,Unemployed,Single,unknown,300.0,Business
A0293,,,660.0,166901.17,1,276.34,Self-employed,Divorced,2,180.0,Home
A0294,55355.23,36.0,658.0,,1,240.46,Unemployed,Single,unknown,180.0,Other
A0295,39606.36,34.0,726.0,96234.38,1,240.09,Self-employed,Single,unknown,180.0,Home
A0296,63494.0,44.0,721.0,233819.65,0,275.51,Employed,Widowed,unknown,240.0,Business
A0297,54609.49,32.0,770.0,102724.66,1,313.63,Unemployed,Single,2,,Other
A0298,,38.0,733.0,92332.47,1,,Unemployed,Divorced,2,120.0,Education
A0299,59444.43,38.0,,206865.73,0,226.54,Unemployed,Married,3+,360.0,Other
A0300,37565.07,28.0,753.0,166927.64,0,200.36,Unemployed,Widowed,3+,180.0,Business
A0301,41597.28,45.0,650.0,103103.72,1,177.74,Self-employed,Divorced,3+,240.0,Other
A0302,61209.4,33.0,,160831.25,1,283.31,Self-employed,Married,3+,360.0,Education
A0303,59155.55,27.0,713.0,98712.37,0,278.9,Unemployed,Widowed,1,300.0,Education
A0304,,40.0,800.0,,1,278.87,Self-employed,Widowed,1,180.0,Other
A0305,,26.0,,,0,243.57,Unemployed,Married,3+,360.0,Education
A0306,69164.97,35.0,730.0,176600.31,0,320.35,Unemployed,Married,3+,300.0,Home
A0307,41126.43,35.0,691.0,,1,225.79,Employed,Divorced,0,240.0,Other
A0308,,46.0,727.0,238059.41,0,297.76,Unemployed,Single,1,120.0,Education
A0309,46967.11,40.0,744.0,149984.32,1,248.06,Self-employed,Single,0,180.0,Education
A0310,46734.78,,684.0,,1,219.58,Unemployed,Single,0,120.0,Other
A0311,66481.65,43.0,790.0,,1,279.63,Employed,Single,unknown,240.0,Home
A0312,,49.0,712.0,1017209.4,0,270.48,Self-employed,Single,2,360.0,Other
A0313,62202.64,,725.0,,1,267.85,Employed,Divorced,1,360.0,Education
A0314,69582.18,35.0,733.0,131926.86,0,254.06,Employed,Widowed,3+,240.0,Other
A0315,,,721.0,683289.2,1,248.11,Unemployed,Divorced,3+,240.0,Education
A0316,60229.29,24.0,742.0,147304.76,1,369.42,Employed,Divorced,2,,Business
A0317,45346.0,32.0,669.0,,0,309.21,Employed,Divorced,1,300.0,Other
A0318,,29.0,672.0,206092.89,1,286.14,Self-employed,Widowed,3+,120.0,Other
A0319,48047.85,,645.0,798006.1199999999,1,255.59,Employed,Divorced,3+,120.0,Education
A0320,51454.94,36.0,722.0,319613.14,0,300.36,Unemployed,Divorced,unknown,360.0,Education
A0321,58927.36,40.0,739.0,104796.59,0,275.9,Unemployed,Widowed,0,360.0,Education
A0322,37726.69,34.0,723.0,72551.97,0,,Unemployed,Divorced,3+,180.0,Education
A0323,81385.81,40.0,784.0,162898.8,1,234.82,Employed,Single,1,240.0,Other
A0324,34909.74,36.0,700.0,205193.87,0,245.95,Self-employed,Married,2,120.0,Education
A0325,31787.17,15.0,733.0,173758.39,0,,Unemployed,Divorced,unknown,,Other
A0326,,26.0,645.0,149879.81,1,260.53,Employed,Married,1,360.0,Home
A0327,556874.46,34.0,681.0,120536.42,0,225.58,Unemployed,Divorced,unknown,360.0,Other
A0328,,23.0,735.0,95391.82,1,329.63,Unemployed,Divorced,0,120.0,Education
A0329,59425.18,41.0,742.0,191737.57,1,250.97,Self-employed,Single,3+,360.0,Education
A0330,,,685.0,195688.58,0,190.55,Unemployed,Widowed,1,360.0,Home
A0331,,,696.0,72713.51,1,,Self-employed,Married,2,300.0,Other
A0332,51137.07,33.0,624.0,,0,197.69,Employed,Widowed,0,240.0,Home
A0333,39842.57,50.0,682.0,178703.56,0,273.67,Unemployed,Single,0,360.0,Other
A0334,,36.0,745.0,219979.73,0,264.55,Employed,Single,unknown,300.0,Education
A0335,286764.83999999997,32.0,729.0,82893.61,0,,Employed,Married,0,180.0,Other
A0336,37617.54,29.0,725.0,81708.79,1,210.46,Employed,Widowed,1,360.0,Education
A0337,45179.21,32.0,,142551.53,1,,Unemployed,Single,unknown,,Education
A0338,56193.97,31.0,700.0,175139.22,0,181.75,Self-employed,Divorced,0,360.0,Business
A0339,,37.0,667.0,,0,285.07,Unemployed,Divorced,2,120.0,Business
A0340,37666.69,37.0,735.0,185303.95,1,275.94,Employed,Divorced,1,300.0,Other
A0341,53655.31,35.0,721.0,137865.94,0,274.79,Self-employed,Widowed,2,300.0,Education
A0342,53674.5,39.0,,98681.54,1,,Employed,Divorced,2,120.0,Home
A0343,42395.85,47.0,674.0,211500.03,0,270.74,Self-employed,Divorced,unknown,240.0,Education
A0344,42934.43,44.0,592.0,407058.92,1,330.22,Unemployed,Single,3+,300.0,Home
A0345,,20.0,,231423.43,1,235.75,Self-employed,Single,unknown,180.0,Other
A0346,,9.0,676.0,135780.77,1,256.93,Unemployed,Divorced,1,300.0,Other
A0347,28888.04,44.0,657.0,229529.1,0,195.69,Employed,Divorced,1,240.0,Home
A0348,39223.34,21.0,,183946.56,0,206.59,Self-employed,Single,unknown,180.0,Home
A0349,,33.0,680.0,143150.23,0,254.89,Employed,Married,3+,180.0,Education
A0350,437308.88,23.0,753.0,124030.18,0,305.2,Self-employed,Widowed,unknown,120.0,Other
A0351,504912.38,17.0,731.0,132954.61,0,237.19,Unemployed,Widowed,1,360.0,Education
A0352,62864.89,40.0,,171415.83,1,238.2,Self-employed,Single,3+,120.0,Home
A0353,47600.92,,632.0,153857.82,1,229.66,Self-employed,Widowed,1,360.0,Business
A0354,49714.76,29.0,,120309.43,1,,Unemployed,Single,3+,120.0,Business
A0355,34962.06,9.0,713.0,141718.43,1,264.75,Unemployed,Single,3+,360.0,Business
A0356,49722.3,30.0,,153928.85,1,175.14,Unemployed,Single,unknown,300.0,Home
A0357,45670.12,,707.0,,1,314.05,Self-employed,Single,unknown,180.0,Education
A0358,54840.78,,,,1,216.73,Employed,Married,unknown,360.0,Other
A0359,,37.0,720.0,,0,286.1,Self-employed,Divorced,3+,300.0,Home
A0360,57790.2,35.0,649.0,92333.38,1,186.5,Self-employed,Divorced,3+,240.0,Business
A0361,72991.08,,632.0,65632.78,0,283.44,Employed,Married,1,120.0,Education
A0362,386948.8,,624.0,60305.38,1,283.6,Unemployed,Widowed,2,240.0,Other
A0363,56025.68,25.0,756.0,82227.62,1,269.21,Self-employed,Widowed,unknown,300.0,Other
A0364,60352.16,47.0,669.0,114548.95,0,200.28,Employed,Divorced,1,240.0,Home
A0365,43981.69,33.0,777.0,247662.96,1,262.48,Unemployed,Widowed,1,240.0,Home
A0366,53361.39,35.0,673.0,123706.02,0,190.85,Unemployed,Divorced,0,300.0,Other
A0367,50188.89,26.0,615.0,158887.51,1,237.36,Self-employed,Divorced,unknown,180.0,Other
A0368,,31.0,644.0,,0,301.47,Unemployed,Married,1,360.0,Business
A0369,,26.0,762.0,156553.26,1,289.84,Unemployed,Widowed,0,120.0,Other
A0370,50367.65,33.0,,146127.83,0,250.76,Employed,Married,unknown,360.0,Home
A0371,57469.97,,673.0,90235.31,0,201.26,Employed,Divorced,3+,120.0,Education
A0372,71767.15,21.0,,222546.38,1,,Unemployed,Divorced,0,,Business
A0373,64389.06,19.0,725.0,,1,250.97,Employed,Divorced,3+,240.0,Business
A0374,82297.74,50.0,,65867.07,0,133.98,Unemployed,Single,2,180.0,Other
A0375,,,772.0,98798.57,1,,Self-employed,Single,2,240.0,Education
A0376,63084.81,28.0,682.0,,0,,Employed,Single,2,180.0,Business
A0377,52750.13,45.0,634.0,101773.11,1,310.12,Unemployed,Married,2,300.0,Home
A0378,82847.04,29.0,679.0,175298.28,0,195.24,Unemployed,Divorced,1,,Other
A0379,,,713.0,113586.39,1,91.16,Employed,Widowed,2,120.0,Home
A0380,,42.0,652.0,258252.8,0,263.95,Employed,Married,1,300.0,Other
A0381,41009.11,30.0,,209527.43,1,264.58,Self-employed,Married,1,360.0,Business
A0382,,57.0,717.0,160628.7,0,165.47,Unemployed,Married,unknown,300.0,Other
A0383,,,,,0,201.08,Self-employed,Widowed,1,300.0,Education
A0384,38613.01,42.0,702.0,,1,387.76,Self-employed,Divorced,1,180.0,Home
A0385,,38.0,,,1,234.72,Self-employed,Single,2,300.0,Education
A0386,55126.34,48.0,688.0,109189.14,0,286.55,Employed,Divorced,1,120.0,Home
A0387,78142.56,51.0,654.0,153907.15,0,,Self-employed,Divorced,3+,,Home
A0388,64256.36,,745.0,193081.81,0,145.48,Employed,Married,2,180.0,Other
A0389,41346.45,27.0,752.0,156953.02,0,241.49,Employed,Married,0,180.0,Business
A0390,36523.78,40.0,608.0,71150.18,1,236.72,Self-employed,Married,2,360.0,Business
A0391,57378.79,28.0,654.0,109858.78,0,230.01,Self-employed,Single,1,240.0,Education
A0392,30196.5,,625.0,146301.36,0,,Unemployed,Single,3+,180.0,Other
A0393,77471.88,36.0,,146216.72,0,263.21,Self-employed,Single,2,300.0,Business
A0394,,31.0,,248627.11,1,242.49,Unemployed,Divorced,3+,180.0,Home
A0395,42962.37,37.0,,80700.6,0,186.8,Self-employed,Married,0,180.0,Home
A0396,24302.98,22.0,,175279.46,1,274.31,Self-employed,Widowed,0,180.0,Other
A0397,70308.09,25.0,650.0,,1,152.53,Self-employed,Divorced,unknown,360.0,Education
A0398,48281.9,47.0,710.0,263572.49,1,147.48,Self-employed,Single,unknown,180.0,Other
A0399,617105.16,28.0,703.0,129780.13,1,286.96,Unemployed,Widowed,2,180.0,Education
A0400,156501.54,25.0,664.0,,1,275.35,Unemployed,Widowed,unknown,,Other
A0401,41009.37,40.0,709.0,178488.02,1,247.13,Self-employed,Married,3+,240.0,Home
A0402,50078.66,47.0,673.0,159774.09,1,180.23,Self-employed,Widowed,unknown,,Other
A0403,50704.71,42.0,686.0,145057.74,0,214.6,Unemployed,Single,3+,360.0,Business
A0404,259494.12,45.0,,171798.77,0,236.86,Employed,Married,unknown,360.0,Business
A0405,59342.75,27.0,767.0,23387.7,1,170.21,Employed,Widowed,unknown,180.0,Other
A0406,33985.69,21.0,635.0,,0,213.05,Employed,Married,unknown,180.0,Education
A0407,47864.31,,741.0,156308.9,0,282.62,Unemployed,Widowed,1,120.0,Education
A0408,51804.43,32.0,,138876.26,1,321.37,Unemployed,Divorced,1,180.0,Home
A0409,57716.58,,643.0,252343.11,0,,Employed,Divorced,unknown,300.0,Home
A0410,60674.22,48.0,741.0,116253.3,1,287.82,Employed,Single,3+,,Education
A0411,33130.37,41.0,,129846.2,0,,Self-employed,Divorced,2,180.0,Other
A0412,26988.29,,644.0,998310.68,1,282.97,Unemployed,Divorced,0,300.0,Home
A0413,69165.15,,654.0,108396.93,1,209.8,Unemployed,Divorced,1,120.0,Education
A0414,54984.71,29.0,751.0,122494.24,0,265.37,Employed,Widowed,unknown,300.0,Education
A0415,38772.7,44.0,714.0,142648.73,0,237.61,Employed,Widowed,0,360.0,Other
A0416,512870.95999999996,36.0,728.0,,1,316.02,Unemployed,Married,1,300.0,Business
A0417,,38.0,717.0,,1,206.28,Self-employed,Widowed,2,,Education
A0418,67689.46,50.0,720.0,85368.73,1,281.38,Employed,Divorced,3+,,Home
A0419,51012.78,40.0,634.0,,0,,Unemployed,Widowed,unknown,180.0,Other
A0420,80911.22,40.0,752.0,119632.28,0,242.08,Unemployed,Single,2,360.0,Other
A0421,,46.0,,146138.95,0,240.81,Self-employed,Married,1,120.0,Other
A0422,46265.54,31.0,,171292.18,0,207.72,Self-employed,Married,unknown,120.0,Business
A0423,64573.56,,698.0,,1,249.3,Employed,Widowed,0,300.0,Business
A0424,59680.64,25.0,,61199.41,1,,Employed,Divorced,3+,360.0,Home
A0425,,15.0,726.0,203197.05,1,262.06,Employed,Married,1,,Home
A0426,,56.0,729.0,650513.76,1,,Unemployed,Single,3+,120.0,Other
A0427,60290.77,24.0,697.0,219226.6,0,289.9,Employed,Single,unknown,180.0,Home
A0428,65876.37,33.0,756.0,172209.92,1,296.18,Unemployed,Married,2,240.0,Education
A0429,23618.91,32.0,683.0,205066.15,1,,Employed,Divorced,3+,120.0,Business
A0430,,38.0,728.0,173327.27,0,293.44,Self-employed,Divorced,0,300.0,Other
A0431,19411.52,43.0,649.0,217311.29,0,190.68,Self-employed,Widowed,1,240.0,Other
A0432,45958.9,44.0,,,1,279.39,Unemployed,Widowed,0,360.0,Education
A0433,60763.13,29.0,691.0,145104.24,0,280.99,Self-employed,Married,3+,180.0,Education
A0434,72535.36,33.0,711.0,263621.74,1,,Unemployed,Widowed,2,,Education
A0435,51111.42,38.0,682.0,194451.86,0,254.65,Unemployed,Widowed,2,,Education
A0436,74429.23,,693.0,178687.22,0,226.58,Self-employed,Widowed,0,,Other
A0437,29298.48,51.0,,86184.78,1,,Unemployed,Single,unknown,120.0,Business
A0438,24449.26,40.0,678.0,85584.62,0,317.54,Self-employed,Widowed,unknown,360.0,Business
A0439,49166.78,42.0,,164635.77,1,,Employed,Married,2,360.0,Education
A0440,55760.98,42.0,787.0,157276.06,0,209.68,Employed,Divorced,0,,Home
A0441,49509.58,47.0,769.0,,0,,Self-employed,Widowed,0,360.0,Other
A0442,18988.37,37.0,635.0,157049.13,0,284.28,Self-employed,Divorced,0,300.0,Business
A0443,,22.0,734.0,229431.35,0,242.92,Self-employed,Widowed,3+,240.0,Education
A0444,,39.0,675.0,184770.12,0,308.32,Self-employed,Married,unknown,120.0,Home
A0445,60045.09,28.0,713.0,,1,276.55,Employed,Single,unknown,360.0,Home
A0446,55498.97,30.0,,144424.56,0,141.09,Unemployed,Married,3+,300.0,Education
A0447,35901.8,41.0,688.0,109751.68,1,223.53,Unemployed,Single,1,240.0,Other
A0448,42292.0,47.0,,130615.0,0,221.91,Employed,Widowed,3+,360.0,Business
A0449,34111.8,35.0,665.0,129319.22,1,273.97,Unemployed,Widowed,0,180.0,Home
A0450,,38.0,654.0,,0,,Employed,Single,3+,240.0,Business
A0451,64327.13,52.0,658.0,87243.23,1,377.45,Unemployed,Married,0,360.0,Business
A0452,35214.11,37.0,697.0,143617.27,1,276.55,Self-employed,Married,2,240.0,Home
A0453,57560.7,61.0,664.0,,0,257.44,Self-employed,Single,0,120.0,Education
A0454,,41.0,734.0,3527.57,0,309.08,Self-employed,Widowed,unknown,120.0,Home
A0455,38106.91,17.0,774.0,252648.6,0,367.18,Employed,Single,3+,120.0,Home
A0456,48394.54,43.0,,204438.48,1,293.54,Employed,Widowed,0,180.0,Other
A0457,34471.37,39.0,712.0,524739.84,1,297.44,Unemployed,Single,1,120.0,Business
A0458,,48.0,725.0,,0,256.53,Unemployed,Widowed,2,180.0,Education
A0459,32031.83,42.0,,91417.28,0,,Unemployed,Single,1,,Business
A0460,79470.88,34.0,704.0,234786.14,1,,Employed,Divorced,1,240.0,Home
A0461,50528.95,23.0,737.0,244864.43,1,,Unemployed,Widowed,1,360.0,Education
A0462,39504.12,33.0,724.0,157834.69,0,,Self-employed,Married,2,360.0,Education
A0463,,26.0,638.0,201176.53,1,182.47,Unemployed,Single,2,120.0,Education
A0464,48315.08,29.0,,158764.34,0,246.21,Self-employed,Married,2,360.0,Education
A0465,46685.46,41.0,744.0,332654.92,0,,Employed,Single,2,120.0,Other
A0466,,52.0,662.0,129408.83,0,,Self-employed,Married,1,,Education
A0467,61362.62,39.0,702.0,156596.4,1,248.18,Self-employed,Married,unknown,300.0,Home
A0468,42042.48,23.0,734.0,127272.61,1,257.35,Self-employed,Single,unknown,300.0,Other
A0469,41362.73,39.0,,,1,,Employed,Single,2,300.0,Home
A0470,45874.22,47.0,754.0,145430.02,1,403.84,Employed,Married,3+,180.0,Home
A0471,,29.0,818.0,145956.08,0,318.01,Employed,Married,0,300.0,Business
A0472,218177.04,34.0,661.0,152612.92,1,187.77,Employed,Married,3+,120.0,Education
A0473,70503.11,35.0,631.0,96969.75,0,261.64,Unemployed,Widowed,3+,,Education
A0474,74674.52,,,114149.19,0,219.6,Employed,Widowed,3+,300.0,Home
A0475,46264.46,41.0,736.0,85770.79,0,199.28,Self-employed,Divorced,unknown,,Education
A0476,58648.35,34.0,688.0,,1,,Employed,Widowed,0,240.0,Other
A0477,54668.75,39.0,773.0,44717.65,0,271.61,Unemployed,Widowed,3+,120.0,Business
A0478,,26.0,633.0,207679.52,0,215.93,Unemployed,Single,2,180.0,Education
A0479,,31.0,735.0,219317.47,1,,Unemployed,Divorced,unknown,300.0,Education
A0480,,42.0,670.0,134890.97,0,299.69,Self-employed,Divorced,2,240.0,Other
A0481,35666.89,,786.0,,1,318.7,Employed,Widowed,2,120.0,Business
A0482,25903.31,52.0,800.0,,1,207.38,Employed,Single,3+,360.0,Other
A0483,53051.95,31.0,662.0,146790.79,1,273.77,Employed,Single,2,180.0,Home
A0484,38654.74,37.0,673.0,99470.09,0,281.62,Self-employed,Divorced,0,240.0,Home
A0485,28666.19,44.0,,,1,,Self-employed,Single,2,240.0,Education
A0486,40301.41,21.0,681.0,226509.76,1,,Unemployed,Married,3+,240.0,Business
A0487,33776.78,17.0,698.0,183246.36,1,330.48,Unemployed,Widowed,2,300.0,Home
A0488,75307.12,,701.0,,1,,Employed,Married,unknown,360.0,Other
A0489,63224.6,48.0,604.0,70120.04,0,,Self-employed,Divorced,unknown,180.0,Home
A0490,,,699.0,,1,208.9,Self-employed,Divorced,unknown,120.0,Home
A0491,72199.16,,666.0,,0,189.04,Employed,Single,1,,Other
A0492,51160.52,,,699239.84,1,221.53,Employed,Single,unknown,360.0,Education
A0493,333726.66,37.0,772.0,123234.16,0,,Unemployed,Divorced,unknown,240.0,Business
A0494,72846.86,50.0,,175574.98,1,196.79,Unemployed,Divorced,1,240.0,Education
A0495,58083.65,55.0,741.0,246757.7,0,,Unemployed,Married,unknown,240.0,Other
A0496,34441.31,,686.0,,1,165.57,Employed,Married,3+,240.0,Home
A0497,47144.92,47.0,686.0,,0,194.0,Employed,Single,unknown,240.0,Business
A0498,36865.73,45.0,740.0,,0,283.55,Unemployed,Married,unknown,360.0,Education
A0499,29258.0,41.0,717.0,132166.34,0,280.19,Unemployed,Single,1,,Other
A0500,63892.66,,729.0,209032.05,1,230.41,Self-employed,Single,3+,180.0,Home
A0501,78641.25,29.0,748.0,118634.33,0,199.11,Self-employed,Widowed,2,240.0,Home
A0502,,27.0,683.0,,0,198.63,Unemployed,Single,0,300.0,Education
A0503,58444.54,35.0,,152559.9,0,231.34,Unemployed,Married,3+,120.0,Other
A0504,40240.36,,646.0,,0,282.23,Self-employed,Divorced,2,360.0,Home
A0505,42693.12,30.0,659.0,,1,296.41,Unemployed,Divorced,3+,300.0,Home
A0506,41114.09,42.0,847.0,166148.73,0,,Self-employed,Married,2,240.0,Business
A0507,,,762.0,587799.2,0,,Self-employed,Divorced,2,240.0,Home
A0508,,36.0,,175012.02,0,263.39,Self-employed,Single,3+,240.0,Education
A0509,37535.75,,634.0,123319.98,1,208.82,Employed,Divorced,1,300.0,Other
A0510,54056.85,24.0,724.0,211041.06,0,224.09,Employed,Married,3+,240.0,Other
A0511,49246.43,33.0,727.0,106161.31,0,316.26,Unemployed,Divorced,3+,,Business
A0512,46415.78,28.0,727.0,235602.01,0,291.36,Self-employed,Single,2,240.0,Other
A0513,36386.55,16.0,,62618.17,0,257.9,Employed,Single,0,120.0,Education
A0514,,34.0,,171738.5,1,186.4,Unemployed,Married,2,120.0,Home
A0515,245323.48,34.0,716.0,,0,,Unemployed,Married,unknown,180.0,Business
A0516,,,,,0,303.13,Unemployed,Married,3+,240.0,Other
A0517,,41.0,589.0,171219.7,1,,Unemployed,Widowed,3+,240.0,Business
A0518,51489.98,25.0,689.0,213975.93,1,317.56,Unemployed,Widowed,1,300.0,Business
A0519,61270.81,,,39159.06,1,314.64,Self-employed,Single,2,300.0,Other
A0520,,47.0,,,0,333.19,Unemployed,Widowed,1,,Business
A0521,,41.0,,25336.46,1,,Self-employed,Widowed,3+,,Other
A0522,40060.64,33.0,718.0,406867.04,0,279.37,Employed,Divorced,2,240.0,Education
A0523,58558.98,,,231458.32,1,320.71,Unemployed,Widowed,2,300.0,Other
A0524,38551.11,,746.0,120910.9,0,272.37,Employed,Divorced,unknown,240.0,Home
A0525,22926.77,46.0,724.0,,1,224.94,Self-employed,Married,unknown,300.0,Other
A0526,25586.86,54.0,721.0,,0,227.57,Self-employed,Divorced,0,240.0,Home
A0527,,50.0,730.0,253395.32,1,,Employed,Divorced,unknown,360.0,Business
A0528,,30.0,803.0,58415.89,0,,Unemployed,Married,2,300.0,Other
A0529,36435.25,24.0,643.0,97434.5,0,242.84,Unemployed,Married,unknown,,Home
A0530,59578.89,36.0,724.0,224871.58,0,304.83,Employed,Single,0,360.0,Other
A0531,25077.2,17.0,,242885.12,0,140.44,Employed,Single,3+,240.0,Other
A0532,49008.8,38.0,728.0,,0,326.72,Employed,Single,unknown,300.0,Other
A0533,31834.76,34.0,654.0,88047.36,0,306.12,Unemployed,Single,2,360.0,Education
A0534,40222.46,30.0,679.0,254792.18,0,227.01,Unemployed,Divorced,3+,,Home
A0535,50710.98,19.0,685.0,229722.12,0,277.17,Unemployed,Divorced,2,300.0,Education
A0536,37093.8,40.0,749.0,183947.35,1,,Employed,Single,3+,360.0,Education
A0537,44231.67,,746.0,109379.88,0,,Unemployed,Widowed,2,360.0,Home
A0538,65094.39,,638.0,147548.53,0,299.13,Self-employed,Single,unknown,360.0,Other
A0539,41346.62,6.0,703.0,,1,180.0,Employed,Widowed,unknown,,Education
A0540,62535.38,35.0,665.0,166542.57,0,279.36,Unemployed,Married,0,240.0,Education
A0541,33054.4,53.0,637.0,222550.07,1,239.72,Employed,Divorced,3+,300.0,Education
A0542,57947.06,52.0,689.0,193970.85,0,,Self-employed,Divorced,0,300.0,Other
A0543,71623.53,,685.0,96131.2,1,213.59,Self-employed,Widowed,1,300.0,Education
A0544,12925.33,29.0,821.0,218824.82,1,337.41,Employed,Single,unknown,360.0,Business
A0545,38046.57,,,165656.61,0,,Employed,Divorced,3+,240.0,Home
A0546,58656.08,25.0,,184353.29,1,213.01,Self-employed,Widowed,0,180.0,Business
A0547,46954.32,38.0,,223327.04,0,,Employed,Married,0,300.0,Other
A0548,55567.19,43.0,751.0,94420.99,0,230.72,Self-employed,Married,1,240.0,Education
A0549,,47.0,804.0,148208.72,0,271.73,Self-employed,Divorced,0,240.0,Home
A0550,,34.0,621.0,123427.27,0,262.01,Unemployed,Single,2,120.0,Education
A0551,47664.84,,606.0,71607.03,1,312.66,Employed,Widowed,unknown,300.0,Other
A0552,67516.73,,794.0,167335.5,0,289.5,Employed,Divorced,0,360.0,Home
A0553,53816.31,27.0,719.0,275577.83,1,298.48,Unemployed,Married,0,240.0,Business
A0554,55064.04,33.0,657.0,,1,266.34,Self-employed,Single,1,,Home
A0555,43821.85,39.0,727.0,,0,180.54,Employed,Widowed,2,180.0,Education
A0556,42685.91,44.0,568.0,182027.15,0,,Unemployed,Divorced,0,120.0,Home
A0557,43511.63,27.0,700.0,312307.82,0,303.0,Unemployed,Widowed,unknown,240.0,Other
A0558,55916.78,50.0,716.0,144343.6,0,247.42,Employed,Single,unknown,240.0,Other
A0559,43685.23,32.0,746.0,,1,275.15,Unemployed,Single,0,360.0,Home
A0560,54346.62,35.0,649.0,161639.34,0,234.06,Self-employed,Married,2,360.0,Other
A0561,81131.01,28.0,,,1,198.51,Unemployed,Single,unknown,180.0,Other
A0562,63066.87,11.0,654.0,40503.91,0,243.83,Self-employed,Divorced,unknown,180.0,Other
A0563,45109.65,44.0,713.0,209729.61,0,265.45,Self-employed,Widowed,2,180.0,Business
A0564,68018.21,42.0,655.0,197919.29,0,217.22,Employed,Single,2,360.0,Education
A0565,43878.87,,680.0,152583.05,0,238.21,Unemployed,Single,0,360.0,Other
A0566,19428.13,,650.0,161453.73,1,203.03,Self-employed,Divorced,3+,120.0,Home
A0567,34878.71,40.0,733.0,203715.9,1,,Self-employed,Widowed,1,300.0,Other
A0568,21938.12,19.0,743.0,161216.98,0,235.28,Unemployed,Widowed,3+,300.0,Business
A0569,44727.3,30.0,,,1,322.64,Self-employed,Married,3+,120.0,Home
A0570,,,702.0,135125.89,1,326.44,Unemployed,Married,unknown,300.0,Education
A0571,75146.56,,628.0,215599.19,0,,Employed,Widowed,2,360.0,Home
A0572,,38.0,,166039.29,0,199.58,Self-employed,Divorced,unknown,300.0,Home
A0573,,21.0,697.0,,1,145.71,Self-employed,Divorced,1,360.0,Home
A0574,,40.0,831.0,86496.95,1,176.4,Unemployed,Married,0,120.0,Home
A0575,16832.97,35.0,,164347.79,1,181.31,Unemployed,Single,1,180.0,Other
A0576,,19.0,773.0,,1,318.92,Unemployed,Divorced,unknown,120.0,Education
A0577,492503.84,47.0,750.0,118085.86,0,255.79,Unemployed,Single,unknown,300.0,Other
A0578,,28.0,714.0,109231.22,0,269.48,Self-employed,Divorced,unknown,360.0,Business
A0579,67156.31,27.0,,96688.25,1,138.98,Employed,Widowed,unknown,300.0,Business
A0580,55077.45,37.0,719.0,256238.57,0,190.1,Employed,Married,3+,300.0,Home
A0581,43770.68,46.0,719.0,866267.8,1,294.35,Employed,Single,0,180.0,Other
A0582,59491.73,25.0,697.0,,1,264.34,Employed,Single,3+,300.0,Other
A0583,84060.39,36.0,761.0,88855.25,0,242.64,Unemployed,Widowed,unknown,180.0,Education
A0584,52727.99,,,153562.69,1,278.24,Self-employed,Divorced,2,,Education
A0585,53723.31,,669.0,85324.62,1,331.79,Self-employed,Single,3+,360.0,Education
A0586,43109.59,37.0,634.0,115215.26,0,238.95,Self-employed,Divorced,unknown,180.0,Other
A0587,37252.33,31.0,,104093.65,0,253.47,Unemployed,Widowed,unknown,120.0,Education
A0588,,27.0,660.0,,1,259.63,Self-employed,Married,0,360.0,Education
A0589,37158.74,,,,1,369.61,Unemployed,Single,1,120.0,Education
A0590,51073.49,,762.0,203418.97,0,145.03,Self-employed,Divorced,3+,360.0,Home
A0591,,6.0,677.0,180206.04,1,284.16,Employed,Single,3+,360.0,Business
A0592,57184.7,,698.0,265181.94,1,,Unemployed,Divorced,3+,240.0,Business
A0593,55004.93,44.0,703.0,76027.79,0,278.34,Self-employed,Divorced,unknown,300.0,Other
A0594,65563.1,11.0,,212961.66,0,217.13,Employed,Divorced,0,300.0,Other
A0595,42349.75,25.0,588.0,207322.04,0,247.55,Employed,Widowed,unknown,120.0,Home
A0596,45951.88,,,101331.06,0,,Employed,Married,unknown,300.0,Business
A0597,35318.54,56.0,711.0,200356.67,0,405.65,Unemployed,Single,2,120.0,Education
A0598,43335.6,35.0,760.0,166807.25,0,,Unemployed,Married,0,360.0,Education
A0599,,28.0,675.0,138626.19,1,207.6,Self-employed,Divorced,3+,240.0,Other
A0600,,33.0,606.0,,1,,Employed,Divorced,1,240.0,Business
A0601,36167.52,49.0,731.0,114044.53,0,,Self-employed,Married,3+,360.0,Other
A0602,,29.0,,252490.6,0,160.22,Self-employed,Married,unknown,180.0,Other
A0603,70334.57,27.0,641.0,450102.42000000004,1,233.5,Employed,Single,0,180.0,Education
A0604,56201.52,30.0,669.0,189106.5,1,286.64,Self-employed,Divorced,0,300.0,Education
A0605,78151.94,25.0,691.0,110455.03,1,186.29,Unemployed,Married,0,,Business
A0606,,,670.0,111007.35,0,,Self-employed,Widowed,2,240.0,Other
A0607,31330.18,,590.0,204099.24,0,274.39,Employed,Divorced,3+,300.0,Home
A0608,23319.2,38.0,745.0,82521.19,1,213.29,Unemployed,Divorced,2,360.0,Business
A0609,72440.66,32.0,764.0,129239.31,0,242.92,Unemployed,Single,1,240.0,Other
A0610,59815.48,,,151701.37,0,329.92,Self-employed,Widowed,unknown,120.0,Business
A0611,49166.23,,643.0,155568.63,0,286.68,Self-employed,Single,2,120.0,Business
A0612,54199.53,,690.0,141045.34,1,250.44,Unemployed,Widowed,2,180.0,Business
A0613,33117.66,,700.0,169790.99,1,238.12,Self-employed,Single,unknown,300.0,Home
A0614,,33.0,730.0,184642.79,0,253.83,Employed,Widowed,0,360.0,Home
A0615,51938.32,67.0,733.0,186731.88,0,224.41,Self-employed,Widowed,unknown,,Education
A0616,51640.92,,,100709.81,0,144.76,Self-employed,Widowed,3+,,Education
A0617,60886.5,27.0,704.0,135792.25,0,352.11,Unemployed,Married,unknown,240.0,Other
A0618,57215.14,31.0,723.0,,0,257.77,Self-employed,Divorced,0,360.0,Business
A0619,53358.26,46.0,773.0,584197.08,1,269.91,Self-employed,Widowed,unknown,240.0,Other
A0620,38142.88,36.0,735.0,,0,,Self-employed,Married,2,300.0,Education
A0621,,,739.0,167574.0,0,213.24,Employed,Married,1,180.0,Home
A0622,78230.37,44.0,704.0,51088.74,0,240.7,Self-employed,Single,2,240.0,Education
A0623,,,771.0,152346.75,1,170.03,Employed,Divorced,1,180.0,Other
A0624,73897.8,,720.0,,1,363.85,Employed,Divorced,unknown,360.0,Education
A0625,42331.76,46.0,657.0,102605.36,0,188.27,Employed,Single,3+,180.0,Other
A0626,35155.93,31.0,770.0,108283.85,1,198.4,Employed,Divorced,unknown,240.0,Other
A0627,48113.2,48.0,735.0,188201.49,1,227.99,Unemployed,Single,0,240.0,Other
A0628,50835.87,36.0,678.0,72859.92,1,,Employed,Married,unknown,120.0,Other
A0629,66412.87,44.0,676.0,118362.25,1,,Self-employed,Married,1,240.0,Education
A0630,,40.0,715.0,179822.06,1,188.19,Employed,Widowed,2,180.0,Other
A0631,72943.25,27.0,723.0,118285.71,1,312.72,Self-employed,Single,3+,120.0,Other
A0632,,29.0,710.0,138201.5,0,286.55,Employed,Married,unknown,240.0,Business
A0633,,45.0,716.0,187209.29,1,,Unemployed,Married,unknown,,Other
A0634,34818.43,,785.0,171077.3,1,285.79,Employed,Single,2,360.0,Education
A0635,25177.15,31.0,754.0,163340.92,0,,Employed,Married,3+,120.0,Other
A0636,,25.0,710.0,133043.89,0,359.25,Unemployed,Divorced,unknown,360.0,Home
A0637,51099.77,,747.0,,0,,Employed,Married,unknown,,Home
A0638,30650.59,56.0,648.0,143813.37,0,331.19,Self-employed,Single,1,360.0,Other
A0639,,24.0,720.0,172890.28,1,269.16,Employed,Divorced,1,300.0,Home
A0640,,,790.0,125153.4,1,274.95,Employed,Divorced,0,,Home
A0641,,49.0,689.0,140871.55,1,165.39,Employed,Married,2,180.0,Education
A0642,,34.0,658.0,100502.11,1,241.48,Unemployed,Widowed,3+,240.0,Business
A0643,27452.86,40.0,667.0,148249.62,0,209.36,Employed,Divorced,unknown,300.0,Home
A0644,46313.85,24.0,646.0,109449.96,1,291.4,Employed,Single,unknown,360.0,Home
A0645,45909.15,39.0,661.0,94297.68,1,303.55,Self-employed,Widowed,0,240.0,Business
A0646,9546.7,33.0,681.0,,0,146.28,Employed,Widowed,unknown,120.0,Business
A0647,49185.58,,630.0,160636.99,1,248.9,Employed,Divorced,2,120.0,Home
A0648,46535.98,47.0,701.0,189143.69,1,306.09,Employed,Married,0,240.0,Other
A0649,60443.1,61.0,745.0,128443.72,1,240.67,Employed,Widowed,2,180.0,Home
A0650,77734.34,,,,1,286.45,Self-employed,Married,0,240.0,Other
A0651,66898.48,38.0,776.0,177539.88,0,267.56,Self-employed,Divorced,unknown,240.0,Other
A0652,,,726.0,172238.69,0,267.08,Unemployed,Single,0,300.0,Other
A0653,167010.55,31.0,752.0,108717.32,0,236.43,Employed,Widowed,1,120.0,Business
A0654,88600.4,38.0,,157468.17,0,,Unemployed,Single,3+,120.0,Home
A0655,50888.28,,743.0,168207.01,0,,Unemployed,Married,unknown,360.0,Home
A0656,50208.94,37.0,645.0,150358.92,1,285.47,Employed,Married,3+,240.0,Education
A0657,49638.12,48.0,745.0,45676.12,1,250.97,Self-employed,Single,unknown,240.0,Business
A0658,52971.27,25.0,,158024.48,0,243.07,Self-employed,Divorced,3+,180.0,Education
A0659,47834.59,46.0,728.0,1042506.2,0,228.81,Employed,Divorced,1,120.0,Education
A0660,,48.0,641.0,131998.04,0,234.74,Employed,Widowed,3+,180.0,Other
A0661,41797.12,34.0,655.0,113596.15,1,302.35,Self-employed,Widowed,0,300.0,Business
A0662,49508.7,14.0,,,0,233.24,Employed,Divorced,3+,360.0,Education
A0663,41848.63,29.0,,,1,182.95,Employed,Divorced,unknown,,Home
A0664,39307.31,,723.0,209636.76,1,287.18,Employed,Single,2,120.0,Education
A0665,51596.45,35.0,632.0,,1,239.76,Self-employed,Married,3+,300.0,Business
A0666,46175.34,25.0,742.0,,1,251.57,Unemployed,Married,3+,240.0,Home
A0667,362799.45,30.0,638.0,179521.1,0,,Unemployed,Widowed,3+,300.0,Home
A0668,10235.45,43.0,728.0,142892.67,1,248.97,Employed,Divorced,unknown,180.0,Home
A0669,66372.6,,731.0,166934.37,1,264.46,Self-employed,Single,3+,,Other
A0670,274765.12,33.0,665.0,201472.87,0,191.05,Employed,Widowed,unknown,180.0,Home
A0671,18899.15,31.0,729.0,,1,,Self-employed,Single,unknown,240.0,Other
A0672,,,713.0,92849.03,1,,Employed,Divorced,2,240.0,Other
A0673,44428.39,26.0,,,1,172.23,Self-employed,Divorced,0,120.0,Education
A0674,28887.32,51.0,650.0,146765.57,0,260.04,Self-employed,Divorced,unknown,360.0,Education
A0675,,32.0,602.0,,1,,Unemployed,Married,1,300.0,Home
A0676,33341.36,,717.0,153659.85,1,252.06,Employed,Divorced,3+,300.0,Business
A0677,76284.06,,622.0,569951.4,0,,Unemployed,Widowed,1,240.0,Home
A0678,64035.18,45.0,705.0,209585.37,0,266.72,Unemployed,Married,3+,180.0,Education
A0679,69073.33,31.0,687.0,,1,323.9,Self-employed,Single,2,180.0,Home
A0680,,39.0,,94022.69,1,200.32,Employed,Widowed,unknown,360.0,Education
A0681,,,685.0,130323.51,0,,Self-employed,Widowed,0,180.0,Home
A0682,42132.2,26.0,,,1,254.22,Self-employed,Single,unknown,,Business
A0683,57340.62,,737.0,,0,196.54,Self-employed,Married,3+,,Home
A0684,31668.08,23.0,717.0,180154.73,1,297.81,Employed,Widowed,0,,Business
A0685,,47.0,716.0,107473.24,0,366.23,Employed,Widowed,unknown,300.0,Business
A0686,46395.12,,723.0,274259.5,1,249.15,Self-employed,Widowed,0,180.0,Home
A0687,44377.69,37.0,,326477.54,0,275.25,Employed,Married,3+,300.0,Business
A0688,60664.4,38.0,738.0,213769.54,0,254.23,Self-employed,Married,2,240.0,Business
A0689,56663.95,32.0,731.0,284828.56,0,214.32,Employed,Married,2,240.0,Education
A0690,,41.0,649.0,176667.96,0,158.96,Employed,Widowed,unknown,240.0,Education
A0691,,,688.0,191973.43,0,214.71,Unemployed,Divorced,1,180.0,Business
A0692,33784.05,44.0,,210909.74,1,180.4,Self-employed,Single,3+,,Other
A0693,,22.0,,202868.42,1,335.21,Unemployed,Divorced,unknown,300.0,Home
A0694,58896.52,36.0,717.0,193609.85,0,244.24,Unemployed,Married,unknown,120.0,Business
A0695,45356.8,54.0,772.0,134245.66,1,232.7,Self-employed,Widowed,2,240.0,Home
A0696,54892.0,,754.0,121412.7,1,294.46,Self-employed,Widowed,0,240.0,Education
A0697,31233.3,28.0,634.0,166630.38,1,193.91,Employed,Divorced,3+,120.0,Home
A0698,63860.41,40.0,731.0,,1,211.66,Self-employed,Divorced,0,120.0,Business
A0699,47226.47,37.0,766.0,,1,253.4,Unemployed,Single,3+,180.0,Business
A0700,42159.15,,719.0,203258.6,1,301.44,Unemployed,Widowed,1,300.0,Business
A0701,65735.14,40.0,755.0,,0,275.08,Self-employed,Divorced,2,240.0,Business
A0702,39434.84,41.0,801.0,104183.95,1,262.42,Unemployed,Single,1,360.0,Other
A0703,28873.08,46.0,,,1,253.91,Employed,Married,unknown,180.0,Other
A0704,26650.56,39.0,712.0,142981.25,1,,Unemployed,Divorced,2,180.0,Other
A0705,59090.15,33.0,752.0,165380.63,0,260.08,Employed,Married,unknown,360.0,Business
A0706,30793.56,42.0,707.0,123771.65,1,198.5,Unemployed,Single,1,360.0,Other
A0707,76321.91,54.0,701.0,217610.13,1,252.3,Employed,Married,3+,360.0,Home
A0708,18771.06,34.0,682.0,171203.34,1,196.32,Employed,Widowed,unknown,120.0,Business
A0709,75446.85,,778.0,151972.35,0,254.05,Self-employed,Widowed,0,240.0,Education
A0710,,46.0,659.0,78204.52,1,225.97,Employed,Married,3+,120.0,Business
A0711,48549.3,34.0,777.0,84209.21,0,,Self-employed,Widowed,3+,240.0,Home
A0712,41826.21,13.0,725.0,164050.46,1,248.01,Unemployed,Single,1,,Other
A0713,55987.04,43.0,630.0,,0,179.79,Unemployed,Widowed,1,,Business
A0714,49435.48,30.0,,200631.87,0,,Unemployed,Married,2,240.0,Other
A0715,,34.0,595.0,142092.31,0,275.97,Employed,Married,2,180.0,Business
A0716,,38.0,,312154.65,1,333.67,Unemployed,Married,0,240.0,Home
A0717,52254.53,,744.0,265395.81,0,220.53,Unemployed,Divorced,3+,240.0,Business
A0718,44545.82,,,140927.55,0,,Self-employed,Married,0,240.0,Other
A0719,49145.82,31.0,706.0,144683.15,0,290.84,Self-employed,Single,0,300.0,Other
A0720,,40.0,798.0,,0,180.97,Unemployed,Widowed,1,120.0,Home
A0721,24347.47,32.0,675.0,,1,228.19,Unemployed,Widowed,0,180.0,Business
A0722,29777.22,42.0,647.0,,1,237.12,Employed,Divorced,0,120.0,Education
A0723,61148.96,41.0,,60681.23,1,246.52,Employed,Divorced,unknown,120.0,Business
A0724,52562.98,26.0,798.0,,1,284.46,Unemployed,Single,2,,Home
A0725,47240.25,46.0,700.0,179136.88,0,215.82,Self-employed,Married,2,300.0,Education
A0726,,30.0,751.0,174843.68,1,236.31,Unemployed,Divorced,3+,,Home
A0727,55213.73,43.0,,203488.57,0,249.29,Employed,Widowed,2,,Business
A0728,209518.0,39.0,663.0,90015.12,1,257.48,Self-employed,Divorced,3+,120.0,Education
A0729,,53.0,676.0,34192.81,1,,Self-employed,Divorced,unknown,120.0,Home
A0730,52937.68,33.0,762.0,192900.71,1,271.8,Employed,Married,2,300.0,Other
A0731,35324.41,32.0,,108590.19,0,292.19,Unemployed,Divorced,unknown,120.0,Education
A0732,56123.79,,728.0,49075.61,1,269.63,Unemployed,Single,2,120.0,Education
A0733,24461.25,32.0,656.0,,1,272.68,Unemployed,Widowed,2,180.0,Home
A0734,,43.0,799.0,189658.78,1,,Employed,Married,unknown,,Other
A0735,,19.0,673.0,,0,,Self-employed,Widowed,0,360.0,Education
A0736,,24.0,,127107.58,1,273.98,Employed,Single,0,360.0,Home
A0737,64740.36,,717.0,142031.89,1,286.45,Unemployed,Single,0,240.0,Education
A0738,74982.12,45.0,,,0,215.38,Employed,Divorced,0,180.0,Education
A0739,65215.55,52.0,743.0,82597.64,0,217.05,Self-employed,Divorced,2,360.0,Education
A0740,22386.89,,721.0,114265.97,1,221.29,Employed,Divorced,1,360.0,Other
A0741,30806.35,33.0,723.0,,1,276.82,Unemployed,Widowed,unknown,180.0,Business
A0742,,36.0,702.0,166083.93,1,301.69,Self-employed,Single,1,120.0,Business
A0743,50391.37,47.0,728.0,158402.99,0,,Employed,Married,1,360.0,Other
A0744,,,574.0,100242.58,0,,Employed,Divorced,3+,120.0,Other
A0745,39113.84,37.0,,140924.84,0,256.17,Self-employed,Widowed,0,360.0,Home
A0746,52801.5,,712.0,,1,,Self-employed,Divorced,2,300.0,Education
A0747,38669.26,,,158923.83,0,,Unemployed,Single,0,240.0,Other
A0748,,37.0,,221442.89,1,287.33,Self-employed,Married,0,360.0,Home
A0749,28900.08,,690.0,76293.39,0,266.28,Unemployed,Single,1,300.0,Business
A0750,,8.0,788.0,,0,363.79,Employed,Widowed,3+,180.0,Business
A0751,29724.73,42.0,,166455.34,0,207.39,Unemployed,Divorced,0,,Business
A0752,35361.9,28.0,677.0,212642.13,1,,Employed,Single,unknown,180.0,Business
A0753,65804.63,17.0,692.0,,1,223.54,Self-employed,Widowed,unknown,360.0,Home
A0754,35759.02,,696.0,115387.48,1,206.54,Employed,Divorced,0,180.0,Education
A0755,89485.73,49.0,,51553.84,1,249.46,Self-employed,Married,1,300.0,Home
A0756,57399.77,34.0,,155171.91,0,256.87,Employed,Single,1,240.0,Education
A0757,52772.54,45.0,662.0,252103.8,1,395.91,Employed,Divorced,2,120.0,Business
A0758,148498.52,51.0,643.0,163867.92,0,240.79,Employed,Divorced,3+,,Other
A0759,60504.65,48.0,,595544.2,1,193.49,Employed,Divorced,1,240.0,Other
A0760,41365.43,51.0,731.0,166104.12,1,263.65,Unemployed,Divorced,2,120.0,Other
A0761,259150.75,42.0,,149445.4,0,146.27,Employed,Single,unknown,360.0,Education
A0762,88401.27,36.0,745.0,109349.28,0,245.4,Unemployed,Divorced,unknown,360.0,Business
A0763,48559.1,19.0,668.0,191164.0,1,,Self-employed,Widowed,unknown,300.0,Home
A0764,,33.0,713.0,161288.08,1,289.73,Self-employed,Single,0,300.0,Other
A0765,39452.35,27.0,741.0,150880.66,0,298.68,Unemployed,Divorced,3+,180.0,Education
A0766,49475.17,57.0,698.0,,0,224.82,Self-employed,Single,2,300.0,Other
A0767,76562.01,33.0,,215175.4,0,242.47,Self-employed,Widowed,3+,360.0,Home
A0768,40595.49,36.0,,,0,211.69,Employed,Widowed,0,300.0,Business
A0769,,41.0,690.0,122353.96,0,193.6,Employed,Single,2,120.0,Home
A0770,60616.28,,690.0,200091.24,1,265.49,Employed,Divorced,2,180.0,Business
A0771,41563.0,52.0,,125121.46,1,186.32,Unemployed,Divorced,1,,Business
A0772,59486.12,,691.0,110899.83,1,229.27,Unemployed,Widowed,3+,360.0,Business
A0773,64588.32,37.0,623.0,112014.84,1,200.24,Self-employed,Divorced,3+,300.0,Other
A0774,,28.0,675.0,,0,277.48,Employed,Widowed,1,120.0,Home
A0775,26446.63,22.0,686.0,173577.12,0,340.07,Unemployed,Divorced,unknown,300.0,Other
A0776,39092.94,29.0,687.0,58442.76,0,,Unemployed,Widowed,0,240.0,Home
A0777,,35.0,688.0,88577.81,1,157.35,Employed,Married,3+,300.0,Education
A0778,48883.5,31.0,,46220.6,0,243.76,Unemployed,Divorced,1,360.0,Education
A0779,,28.0,724.0,145696.52,0,250.78,Employed,Divorced,2,300.0,Home
A0780,52665.52,21.0,744.0,,1,260.93,Self-employed,Divorced,1,180.0,Home
A0781,29969.83,34.0,668.0,133665.19,1,227.68,Self-employed,Single,unknown,120.0,Home
A0782,55702.97,20.0,640.0,97871.12,1,239.97,Self-employed,Divorced,0,360.0,Home
A0783,,43.0,648.0,91388.31,0,268.38,Employed,Single,unknown,,Business
A0784,58396.86,,676.0,173218.49,0,,Unemployed,Single,2,,Other
A0785,66211.71,20.0,682.0,122472.4,1,152.25,Self-employed,Widowed,2,120.0,Business
A0786,62508.83,32.0,,,1,231.55,Self-employed,Single,2,180.0,Other
A0787,56887.7,27.0,635.0,105737.57,0,260.69,Self-employed,Single,2,180.0,Other
A0788,48947.51,38.0,677.0,159053.14,1,,Unemployed,Married,1,180.0,Other
A0789,25085.59,48.0,709.0,,0,336.56,Unemployed,Divorced,2,360.0,Business
A0790,56444.27,16.0,730.0,,1,218.23,Employed,Single,2,300.0,Home
A0791,53115.32,36.0,672.0,129379.31,1,,Self-employed,Divorced,1,120.0,Business
A0792,54073.68,,,,1,277.8,Unemployed,Single,2,300.0,Business
A0793,30848.77,42.0,654.0,137966.74,0,,Employed,Widowed,unknown,300.0,Other
A0794,33784.15,,698.0,,0,157.67,Self-employed,Married,unknown,180.0,Education
A0795,65797.29,27.0,658.0,133719.45,1,228.57,Unemployed,Single,3+,300.0,Education
A0796,49406.67,,729.0,141783.24,0,301.47,Unemployed,Divorced,unknown,120.0,Business
A0797,60222.51,27.0,611.0,160604.67,1,233.16,Employed,Widowed,0,120.0,Other
A0798,50424.78,46.0,682.0,100332.07,1,207.68,Self-employed,Divorced,0,240.0,Business
A0799,50446.34,,715.0,99206.06,0,296.28,Self-employed,Widowed,0,360.0,Business
A0800,64074.26,54.0,709.0,,0,233.46,Unemployed,Married,1,300.0,Home
A0801,42259.33,34.0,835.0,,0,224.49,Self-employed,Widowed,unknown,360.0,Other
A0802,51441.81,28.0,717.0,89135.87,0,257.47,Employed,Divorced,0,360.0,Education
A0803,43065.87,20.0,650.0,157973.13,1,288.54,Unemployed,Divorced,3+,360.0,Education
A0804,43482.56,17.0,,105360.62,0,,Unemployed,Single,1,360.0,Education
A0805,45362.42,19.0,,175680.72,0,291.36,Employed,Widowed,3+,120.0,Business
A0806,53332.01,38.0,696.0,151735.69,1,307.99,Unemployed,Divorced,unknown,300.0,Other
A0807,42818.77,40.0,658.0,51574.79,1,224.7,Self-employed,Single,2,240.0,Home
A0808,68836.34,,746.0,182748.78,1,198.71,Self-employed,Married,3+,360.0,Education
A0809,,44.0,673.0,,1,253.12,Unemployed,Divorced,2,240.0,Other
A0810,47196.93,,,100306.87,0,255.36,Employed,Single,1,120.0,Education
A0811,,36.0,668.0,171009.58,0,196.07,Employed,Divorced,3+,120.0,Home
A0812,71704.67,51.0,787.0,,1,241.24,Self-employed,Widowed,3+,180.0,Other
A0813,52948.32,44.0,684.0,154883.52,1,269.97,Employed,Single,1,360.0,Business
A0814,65477.67,32.0,792.0,86775.08,0,268.02,Unemployed,Widowed,1,180.0,Business
A0815,27716.59,,,60344.68,0,275.21,Unemployed,Married,0,240.0,Education
A0816,54005.75,13.0,724.0,130859.14,0,264.55,Self-employed,Widowed,unknown,300.0,Education
A0817,63344.46,28.0,718.0,143813.55,0,224.65,Self-employed,Single,3+,180.0,Other
A0818,51234.26,33.0,720.0,130116.02,0,224.3,Self-employed,Divorced,3+,120.0,Home
A0819,527857.68,25.0,604.0,90798.47,1,190.05,Employed,Single,1,360.0,Education
A0820,42240.67,,686.0,130005.05,1,339.24,Unemployed,Widowed,1,240.0,Other
A0821,71140.21,36.0,,163464.74,1,250.67,Unemployed,Widowed,unknown,120.0,Home
A0822,,33.0,698.0,147755.35,1,238.76,Unemployed,Divorced,1,300.0,Education
A0823,44557.42,28.0,630.0,159125.05,0,203.56,Self-employed,Married,2,,Education
A0824,43317.46,,697.0,116494.24,1,396.78,Unemployed,Single,2,300.0,Other
A0825,71800.77,,785.0,208585.9,0,196.33,Employed,Divorced,2,300.0,Education
A0826,73693.58,24.0,,,0,228.56,Employed,Divorced,2,360.0,Business
A0827,379413.89999999997,49.0,697.0,174378.01,0,270.79,Unemployed,Divorced,unknown,360.0,Home
A0828,,34.0,748.0,209094.55,0,280.01,Self-employed,Single,3+,300.0,Home
A0829,45773.23,35.0,,174045.4,0,297.9,Unemployed,Single,2,240.0,Business
A0830,29833.24,42.0,615.0,139873.79,0,340.38,Employed,Single,1,,Other
A0831,36220.22,37.0,654.0,123585.15,0,275.31,Employed,Married,2,120.0,Business
A0832,34937.89,45.0,778.0,201804.38,1,,Employed,Divorced,unknown,180.0,Business
A0833,38483.04,38.0,,,0,237.15,Unemployed,Widowed,1,240.0,Home
A0834,49479.73,29.0,688.0,101493.79,1,265.39,Employed,Widowed,2,360.0,Other
A0835,53513.22,39.0,685.0,130122.11,1,353.41,Self-employed,Divorced,3+,360.0,Education
A0836,73257.51,24.0,795.0,847530.76,0,180.11,Unemployed,Widowed,1,240.0,Business
A0837,,36.0,781.0,168988.38,0,310.13,Unemployed,Married,1,180.0,Business
A0838,,35.0,811.0,101597.71,1,259.0,Employed,Married,3+,300.0,Other
A0839,,33.0,692.0,134484.61,1,,Employed,Single,1,120.0,Business
A0840,49258.04,34.0,,119283.84,1,244.9,Self-employed,Single,2,360.0,Other
A0841,60122.29,16.0,624.0,114510.55,1,207.88,Unemployed,Single,1,180.0,Education
A0842,33159.17,,774.0,198944.48,0,287.54,Employed,Single,2,120.0,Other
A0843,55736.15,36.0,642.0,81412.84,0,,Self-employed,Single,3+,240.0,Education
A0844,52496.78,37.0,711.0,230439.04,0,298.6,Employed,Widowed,0,,Other
A0845,57386.77,25.0,645.0,191411.48,1,249.33,Unemployed,Widowed,3+,300.0,Business
A0846,,48.0,671.0,204543.08,0,,Employed,Single,2,240.0,Education
A0847,86829.5,26.0,658.0,,1,172.06,Unemployed,Married,unknown,360.0,Business
A0848,40433.9,,670.0,142502.96,0,290.97,Employed,Widowed,3+,180.0,Education
A0849,42035.05,39.0,673.0,78342.41,1,271.19,Unemployed,Married,unknown,120.0,Other
A0850,40652.89,29.0,673.0,247533.76,0,201.71,Self-employed,Married,unknown,,Other
A0851,41667.84,,742.0,174682.74,0,223.07,Unemployed,Divorced,2,360.0,Other
A0852,40439.19,23.0,645.0,214803.15,1,226.66,Self-employed,Divorced,2,240.0,Home
A0853,67835.25,44.0,711.0,,1,,Unemployed,Single,0,300.0,Home
A0854,71307.56,45.0,761.0,131724.7,1,209.12,Self-employed,Married,1,180.0,Education
A0855,41438.81,28.0,674.0,142435.04,1,193.31,Employed,Widowed,3+,360.0,Home
A0856,37514.67,49.0,664.0,80210.54,1,229.38,Unemployed,Divorced,2,180.0,Other
A0857,57071.23,32.0,,179567.46,0,,Employed,Divorced,3+,,Home
A0858,,38.0,759.0,113800.48,1,168.65,Self-employed,Married,unknown,300.0,Home
A0859,59493.98,38.0,,140230.48,0,351.13,Unemployed,Divorced,1,180.0,Business
A0860,53043.85,34.0,,127402.53,0,312.63,Unemployed,Divorced,0,360.0,Education
A0861,27263.84,43.0,724.0,110533.07,0,211.05,Employed,Widowed,3+,300.0,Education
A0862,,43.0,645.0,149647.75,0,263.62,Unemployed,Married,1,240.0,Education
A0863,76938.17,18.0,,139219.52,0,270.87,Unemployed,Divorced,0,360.0,Home
A0864,40808.17,48.0,720.0,131407.11,1,309.55,Employed,Married,3+,180.0,Other
A0865,,,685.0,113576.92,1,209.07,Unemployed,Divorced,1,300.0,Business
A0866,54287.98,,,,0,304.61,Employed,Widowed,2,360.0,Education
A0867,55016.85,46.0,656.0,,0,222.6,Employed,Married,3+,300.0,Home
A0868,59878.16,24.0,727.0,156994.36,1,,Employed,Divorced,1,300.0,Other
A0869,80153.07,31.0,761.0,199805.91,1,286.21,Employed,Widowed,0,300.0,Business
A0870,47345.79,,668.0,80488.9,0,314.54,Employed,Divorced,1,180.0,Business
A0871,38025.54,,723.0,,1,379.4,Self-employed,Married,2,360.0,Education
A0872,29310.21,32.0,596.0,95131.58,1,190.01,Self-employed,Divorced,3+,120.0,Education
A0873,39036.05,43.0,671.0,304615.0,1,284.95,Employed,Married,3+,120.0,Other
A0874,49503.1,48.0,,113031.43,0,,Self-employed,Married,3+,180.0,Home
A0875,76918.37,,,209594.97,1,289.17,Self-employed,Divorced,2,180.0,Other
A0876,42235.83,29.0,653.0,395001.58,0,176.48,Unemployed,Widowed,0,300.0,Education
A0877,53356.82,,667.0,162150.24,0,,Employed,Single,3+,360.0,Other
A0878,,18.0,715.0,73364.97,0,211.21,Self-employed,Widowed,0,360.0,Home
A0879,,27.0,691.0,140185.97,0,253.95,Unemployed,Widowed,1,240.0,Business
A0880,87903.99,45.0,588.0,165085.0,0,217.95,Unemployed,Divorced,0,240.0,Business
A0881,42036.97,51.0,594.0,158776.81,1,,Employed,Widowed,0,120.0,Business
A0882,42658.41,23.0,670.0,57810.32,0,301.34,Employed,Widowed,3+,,Business
A0883,65662.41,29.0,723.0,105484.11,0,279.98,Unemployed,Single,unknown,240.0,Education
A0884,,35.0,563.0,146796.11,0,330.94,Employed,Widowed,unknown,120.0,Education
A0885,77700.61,38.0,675.0,176814.55,1,270.79,Employed,Single,2,120.0,Home
A0886,,,674.0,40193.61,1,189.16,Unemployed,Divorced,2,240.0,Home
A0887,44610.62,39.0,,141893.8,1,,Unemployed,Single,unknown,360.0,Home
A0888,58859.82,30.0,681.0,,1,219.74,Employed,Married,1,240.0,Home
A0889,66630.55,35.0,719.0,192480.6,1,,Self-employed,Married,3+,300.0,Other
A0890,,40.0,707.0,184642.88,1,,Employed,Single,3+,300.0,Home
A0891,,35.0,,,1,272.83,Self-employed,Married,1,300.0,Business
A0892,66000.12,,738.0,110002.97,0,175.19,Unemployed,Divorced,1,,Business
A0893,,34.0,,54599.89,0,204.09,Self-employed,Married,unknown,300.0,Business
A0894,70732.38,34.0,725.0,130347.36,1,316.14,Unemployed,Single,2,360.0,Other
A0895,59730.65,31.0,896.0,,0,241.54,Employed,Divorced,1,180.0,Home
A0896,47493.23,,596.0,,0,253.98,Employed,Married,2,180.0,Business
A0897,,51.0,786.0,185527.46,1,287.94,Unemployed,Divorced,0,300.0,Business
A0898,68097.63,41.0,686.0,171467.04,0,,Unemployed,Single,3+,240.0,Business
A0899,37745.96,32.0,714.0,,0,263.94,Unemployed,Married,unknown,120.0,Business
A0900,55530.1,42.0,698.0,,1,239.57,Employed,Divorced,3+,240.0,Education
A0901,44099.92,32.0,679.0,143496.99,0,234.37,Employed,Divorced,unknown,,Home
A0902,50431.17,47.0,672.0,233453.48,1,292.89,Self-employed,Married,0,180.0,Home
A0903,69176.78,39.0,716.0,102872.1,1,,Unemployed,Divorced,3+,180.0,Other
A0904,52866.49,,624.0,230738.94,0,,Self-employed,Divorced,0,180.0,Education
A0905,50696.55,,738.0,133898.59,0,304.11,Employed,Single,unknown,360.0,Other
A0906,29602.16,19.0,679.0,216271.61,0,243.55,Self-employed,Single,1,360.0,Business
A0907,61193.8,24.0,643.0,79659.25,1,207.42,Self-employed,Single,3+,120.0,Other
A0908,,23.0,,,1,212.05,Employed,Single,0,180.0,Business
A0909,82448.82,36.0,763.0,113161.49,1,201.06,Employed,Single,3+,300.0,Business
A0910,,,,158473.28,0,236.38,Unemployed,Single,3+,180.0,Home
A0911,53287.25,57.0,,160926.7,0,,Self-employed,Married,3+,360.0,Home
A0912,,41.0,663.0,200473.59,1,209.75,Employed,Single,2,180.0,Home
A0913,73661.8,40.0,738.0,107752.93,0,259.42,Employed,Divorced,0,360.0,Home
A0914,,17.0,,75049.2,0,,Self-employed,Married,0,180.0,Home
A0915,54185.32,,792.0,145407.76,1,236.98,Employed,Divorced,3+,300.0,Education
A0916,,,691.0,145628.23,1,174.5,Unemployed,Single,1,120.0,Home
A0917,52799.14,29.0,,,0,238.97,Unemployed,Single,3+,300.0,Other
A0918,389731.5,33.0,705.0,,1,,Self-employed,Divorced,2,360.0,Business
A0919,,,765.0,147029.24,0,,Unemployed,Divorced,unknown,240.0,Home
A0920,66104.48,15.0,,242775.17,1,,Employed,Divorced,2,,Education
A0921,34602.27,42.0,,,1,190.08,Employed,Widowed,1,180.0,Other
A0922,51994.55,,690.0,,1,304.21,Employed,Widowed,3+,120.0,Other
A0923,39498.19,37.0,,69421.63,0,260.52,Employed,Widowed,0,180.0,Business
A0924,67925.7,56.0,705.0,136867.02,0,,Self-employed,Widowed,3+,180.0,Other
A0925,27152.2,26.0,713.0,133180.65,1,249.54,Unemployed,Married,1,300.0,Other
A0926,41616.17,,694.0,,1,224.11,Unemployed,Single,0,120.0,Other
A0927,55658.18,32.0,711.0,346248.36,1,260.89,Employed,Divorced,2,240.0,Other
A0928,,,779.0,91031.54,0,273.78,Self-employed,Single,unknown,180.0,Education
A0929,49013.75,55.0,749.0,158612.72,1,162.66,Employed,Divorced,unknown,120.0,Business
A0930,41672.01,,743.0,183576.56,1,223.06,Employed,Single,3+,240.0,Home
A0931,78217.36,40.0,677.0,226401.57,1,,Self-employed,Married,2,180.0,Other
A0932,28279.79,30.0,656.0,194375.2,1,,Self-employed,Widowed,1,120.0,Education
A0933,17017.91,34.0,748.0,188042.33,0,309.67,Employed,Single,unknown,300.0,Business
A0934,56600.22,61.0,744.0,153004.3,0,211.41,Unemployed,Divorced,2,,Home
A0935,42469.19,20.0,774.0,169415.6,1,,Employed,Single,3+,180.0,Business
A0936,,,670.0,637425.75,0,224.37,Unemployed,Married,0,120.0,Education
A0937,545628.15,,689.0,83361.13,0,,Unemployed,Married,3+,180.0,Education
A0938,53657.01,46.0,618.0,132528.03,0,232.64,Self-employed,Single,3+,240.0,Education
A0939,41538.82,36.0,680.0,111371.56,1,288.54,Self-employed,Widowed,2,180.0,Other
A0940,30795.43,,750.0,168957.66,0,197.31,Employed,Divorced,unknown,360.0,Education
A0941,,31.0,677.0,211511.11,0,271.39,Unemployed,Married,2,240.0,Home
A0942,59753.02,38.0,732.0,120151.29,0,164.9,Unemployed,Married,0,120.0,Other
A0943,48512.36,32.0,690.0,30484.78,1,221.93,Employed,Single,2,240.0,Business
A0944,77699.55,41.0,716.0,,1,233.53,Employed,Married,1,,Home
A0945,33948.73,,643.0,195673.69,0,333.74,Employed,Married,3+,360.0,Other
A0946,27117.12,,704.0,176881.5,0,236.26,Self-employed,Divorced,unknown,180.0,Education
A0947,39621.38,35.0,550.0,171409.31,1,139.94,Employed,Widowed,0,180.0,Business
A0948,49316.21,46.0,691.0,,1,150.06,Employed,Divorced,3+,300.0,Education
A0949,53650.09,,,86048.46,0,251.7,Unemployed,Widowed,2,240.0,Home
A0950,46381.46,17.0,760.0,175764.72,0,280.69,Employed,Divorced,1,300.0,Home
A0951,55280.83,48.0,739.0,,1,268.77,Unemployed,Single,2,,Other
A0952,31226.91,26.0,,259204.84,1,258.38,Unemployed,Married,3+,180.0,Home
A0953,71656.47,28.0,776.0,178525.36,0,308.11,Self-employed,Widowed,0,180.0,Business
A0954,48767.73,29.0,653.0,120967.58,1,,Employed,Single,unknown,180.0,Other
A0955,66759.44,,,119430.74,0,,Employed,Married,3+,120.0,Business
A0956,55140.88,14.0,747.0,145352.79,0,168.4,Unemployed,Married,0,360.0,Education
A0957,,66.0,688.0,552099.6,0,,Self-employed,Married,3+,180.0,Business
A0958,58546.51,46.0,757.0,205841.69,1,159.65,Self-employed,Divorced,1,360.0,Business
A0959,56715.63,37.0,645.0,318641.62,0,236.26,Employed,Single,2,,Home
A0960,59640.84,34.0,,113418.41,0,247.69,Unemployed,Single,unknown,240.0,Education
A0961,69937.29,,670.0,244522.03,1,255.71,Employed,Married,0,360.0,Home
A0962,52947.82,40.0,,152465.42,1,253.09,Employed,Widowed,unknown,300.0,Education
A0963,60635.06,,647.0,,0,203.62,Employed,Single,unknown,120.0,Education
A0964,48653.96,41.0,,119588.67,0,240.49,Employed,Divorced,unknown,,Business
A0965,,36.0,687.0,,1,175.13,Unemployed,Widowed,0,360.0,Home
A0966,,33.0,718.0,165555.5,1,318.16,Self-employed,Widowed,0,180.0,Business
A0967,77014.11,33.0,,55517.54,1,234.82,Employed,Widowed,unknown,360.0,Business
A0968,49397.63,33.0,609.0,250763.76,0,,Employed,Widowed,2,120.0,Business
A0969,28538.37,,714.0,214532.22,0,329.45,Employed,Single,3+,360.0,Education
A0970,51921.57,41.0,604.0,130140.23,0,187.89,Employed,Married,unknown,180.0,Home
A0971,39784.23,6.0,697.0,94886.51,1,193.72,Self-employed,Widowed,1,300.0,Home
A0972,62609.65,42.0,632.0,167378.08,0,,Self-employed,Divorced,unknown,240.0,Business
A0973,,37.0,799.0,154334.88,1,,Self-employed,Divorced,0,300.0,Education
A0974,259843.5,35.0,746.0,167783.45,0,271.58,Self-employed,Married,3+,180.0,Home
A0975,21656.89,31.0,705.0,159578.87,1,286.98,Employed,Single,1,180.0,Other
A0976,43215.41,46.0,,175312.05,0,,Unemployed,Married,3+,120.0,Home
A0977,,44.0,658.0,222365.28,0,137.53,Self-employed,Widowed,3+,360.0,Business
A0978,26241.46,27.0,727.0,178405.16,1,280.44,Self-employed,Single,1,360.0,Other
A0979,61406.22,39.0,710.0,97517.23,1,222.14,Employed,Single,unknown,,Education
A0980,61787.0,25.0,713.0,,0,220.68,Employed,Widowed,unknown,240.0,Other
A0981,56381.86,21.0,764.0,232030.73,1,219.01,Employed,Divorced,unknown,240.0,Other
A0982,35495.36,29.0,737.0,307602.84,1,204.56,Employed,Widowed,2,120.0,Business
A0983,49284.33,,714.0,93825.3,0,334.23,Unemployed,Married,unknown,180.0,Home
A0984,449513.64,45.0,617.0,162144.1,1,292.11,Unemployed,Widowed,1,120.0,Education
A0985,32624.53,40.0,652.0,45895.06,0,,Self-employed,Divorced,2,360.0,Other
A0986,72550.97,42.0,694.0,177657.46,0,317.55,Unemployed,Widowed,unknown,180.0,Business
A0987,63160.43,40.0,,,1,174.37,Self-employed,Married,2,120.0,Home
A0988,46685.54,29.0,,246172.29,1,183.46,Self-employed,Married,1,,Other
A0989,50403.29,39.0,821.0,111269.25,0,141.1,Unemployed,Divorced,unknown,360.0,Business
A0990,53125.74,,776.0,65540.85,0,215.03,Self-employed,Married,0,,Business
A0991,19373.98,43.0,730.0,126436.81,0,258.08,Employed,Married,1,120.0,Business
A0992,46292.34,47.0,704.0,51225.61,0,255.14,Self-employed,Widowed,3+,360.0,Education
A0993,,42.0,689.0,187554.97,0,257.47,Employed,Single,3+,360.0,Home
A0994,34975.7,39.0,652.0,,0,179.45,Unemployed,Married,1,240.0,Other
A0995,45783.5,46.0,,151422.88,1,,Unemployed,Married,3+,,Home
A0996,76965.3,,713.0,,1,,Self-employed,Divorced,1,240.0,Home
A0997,,,,,1,,Employed,Divorced,0,120.0,Other
A0998,41432.32,33.0,717.0,232168.91,0,155.36,Self-employed,Widowed,1,240.0,Home
A0999,,,692.0,168032.39,1,265.57,Unemployed,Widowed,unknown,300.0,Education
